8550,test_category_labeling_highlight_upitt,95,3715,0,Other,"{""Other Type"": {""endIndexInSegment"": 30, ""startIndexInSegment"": 0, ""selectedText"": ""OpenSecrets.org Privacy Policy"", ""value"": ""Introductory/Generic""}}",7/10/14,https://www.opensecrets.org/about/policy.php
8551,test_category_labeling_highlight_upitt,95,3715,1,Other,"{""Other Type"": {""endIndexInSegment"": 157, ""startIndexInSegment"": 0, ""selectedText"": ""The Center for Responsive Politics (CRP) takes your privacy very seriously. CRP is the sole owner of the information collected from users on OpenSecrets.org."", ""value"": ""Introductory/Generic""}}",7/10/14,https://www.opensecrets.org/about/policy.php
10306,test_category_labeling_highlight_upitt,103,3715,1,Other,"{""Other Type"": {""endIndexInSegment"": 157, ""startIndexInSegment"": 0, ""selectedText"": ""The Center for Responsive Politics (CRP) takes your privacy very seriously. CRP is the sole owner of the information collected from users on OpenSecrets.org."", ""value"": ""Introductory/Generic""}}",7/10/14,https://www.opensecrets.org/about/policy.php
8552,test_category_labeling_highlight_upitt,95,3715,2,Third Party Sharing/Collection,"{""Third Party Entity"": {""endIndexInSegment"": 89, ""startIndexInSegment"": 76, ""selectedText"": ""third parties"", ""value"": ""Unnamed third party""}, ""Choice Scope"": {""endIndexInSegment"": -1, ""startIndexInSegment"": -1, ""value"": ""Unspecified""}, ""Purpose"": {""endIndexInSegment"": -1, ""startIndexInSegment"": -1, ""value"": ""Unspecified""}, ""Personal Information Type"": {""endIndexInSegment"": 68, ""startIndexInSegment"": 33, ""selectedText"": ""personally identifiable information"", ""value"": ""Generic personal information""}, ""Choice Type"": {""endIndexInSegment"": -1, ""startIndexInSegment"": -1, ""value"": ""Unspecified""}, ""Identifiability"": {""endIndexInSegment"": 68, ""startIndexInSegment"": 33, ""selectedText"": ""personally identifiable information"", ""value"": ""Identifiable""}, ""Does/Does Not"": {""endIndexInSegment"": 12, ""startIndexInSegment"": 4, ""selectedText"": ""will not"", ""value"": ""Does Not""}, ""User Type"": {""endIndexInSegment"": -1, ""startIndexInSegment"": -1, ""value"": ""Unspecified""}, ""Action Third Party"": {""endIndexInSegment"": 18, ""startIndexInSegment"": 13, ""selectedText"": ""share"", ""value"": ""Receive/Shared with""}}",7/10/14,https://www.opensecrets.org/about/policy.php
8553,test_category_labeling_highlight_upitt,95,3715,2,Third Party Sharing/Collection,"{""Third Party Entity"": {""endIndexInSegment"": 89, ""startIndexInSegment"": 76, ""selectedText"": ""third parties"", ""value"": ""Unnamed third party""}, ""Choice Scope"": {""endIndexInSegment"": -1, ""startIndexInSegment"": -1, ""value"": ""Unspecified""}, ""Purpose"": {""endIndexInSegment"": -1, ""startIndexInSegment"": -1, ""value"": ""Unspecified""}, ""Personal Information Type"": {""endIndexInSegment"": 68, ""startIndexInSegment"": 33, ""selectedText"": ""personally identifiable information"", ""value"": ""Generic personal information""}, ""Choice Type"": {""endIndexInSegment"": -1, ""startIndexInSegment"": -1, ""value"": ""Unspecified""}, ""Identifiability"": {""endIndexInSegment"": 68, ""startIndexInSegment"": 33, ""selectedText"": ""personally identifiable information"", ""value"": ""Identifiable""}, ""Does/Does Not"": {""endIndexInSegment"": 12, ""startIndexInSegment"": 4, ""selectedText"": ""will not"", ""value"": ""Does Not""}, ""User Type"": {""endIndexInSegment"": -1, ""startIndexInSegment"": -1, ""value"": ""Unspecified""}, ""Action Third Party"": {""endIndexInSegment"": 32, ""startIndexInSegment"": 20, ""selectedText"": ""rent or sell"", ""value"": ""Other""}}",7/10/14,https://www.opensecrets.org/about/policy.php
8554,test_category_labeling_highlight_upitt,95,3715,2,User Choice/Control,"{""Choice Type"": {""endIndexInSegment"": 170, ""startIndexInSegment"": 164, ""selectedText"": ""opt-in"", ""value"": ""Opt-in""}, ""Choice Scope"": {""endIndexInSegment"": 141, ""startIndexInSegment"": 110, ""selectedText"": ""sent marketing materials by CRP"", ""value"": ""First party use""}, ""User Type"": {""endIndexInSegment"": -1, ""startIndexInSegment"": -1, ""value"": ""Unspecified""}, ""Purpose"": {""endIndexInSegment"": 134, ""startIndexInSegment"": 115, ""selectedText"": ""marketing materials"", ""value"": ""Marketing""}, ""Personal Information Type"": {""endIndexInSegment"": -1, ""startIndexInSegment"": -1, ""value"": ""Unspecified""}}",7/10/14,https://www.opensecrets.org/about/policy.php
10307,test_category_labeling_highlight_upitt,103,3715,2,Third Party Sharing/Collection,"{""Third Party Entity"": {""endIndexInSegment"": 91, ""startIndexInSegment"": 72, ""selectedText"": ""any third parties ."", ""value"": ""Unnamed third party""}, ""Choice Scope"": {""endIndexInSegment"": -1, ""startIndexInSegment"": -1, ""value"": ""not-selected""}, ""Purpose"": {""endIndexInSegment"": -1, ""startIndexInSegment"": -1, ""value"": ""Unspecified""}, ""Personal Information Type"": {""endIndexInSegment"": 68, ""startIndexInSegment"": 33, ""selectedText"": ""personally identifiable information"", ""value"": ""Generic personal information""}, ""Choice Type"": {""endIndexInSegment"": -1, ""startIndexInSegment"": -1, ""value"": ""not-selected""}, ""Identifiability"": {""endIndexInSegment"": 68, ""startIndexInSegment"": 33, ""selectedText"": ""personally identifiable information"", ""value"": ""Identifiable""}, ""Does/Does Not"": {""endIndexInSegment"": 91, ""startIndexInSegment"": 0, ""selectedText"": ""CRP will not share, rent or sell personally identifiable information to any third parties ."", ""value"": ""Does Not""}, ""User Type"": {""endIndexInSegment"": -1, ""startIndexInSegment"": -1, ""value"": ""not-selected""}, ""Action Third Party"": {""endIndexInSegment"": 32, ""startIndexInSegment"": 13, ""selectedText"": ""share, rent or sell"", ""value"": ""Other""}}",7/10/14,https://www.opensecrets.org/about/policy.php
10308,test_category_labeling_highlight_upitt,103,3715,2,User Choice/Control,"{""Choice Type"": {""endIndexInSegment"": 171, ""startIndexInSegment"": 164, ""selectedText"": ""opt-in."", ""value"": ""Opt-in""}, ""Choice Scope"": {""endIndexInSegment"": 171, ""startIndexInSegment"": 92, ""selectedText"": ""You will never be sent marketing materials by CRP unless you explicitly opt-in."", ""value"": ""First party use""}, ""User Type"": {""endIndexInSegment"": -1, ""startIndexInSegment"": -1, ""value"": ""not-selected""}, ""Purpose"": {""endIndexInSegment"": 134, ""startIndexInSegment"": 110, ""selectedText"": ""sent marketing materials"", ""value"": ""Marketing""}, ""Personal Information Type"": {""endIndexInSegment"": -1, ""startIndexInSegment"": -1, ""value"": ""Unspecified""}}",7/10/14,https://www.opensecrets.org/about/policy.php
8555,test_category_labeling_highlight_upitt,95,3715,3,First Party Collection/Use,"{""Collection Mode"": {""endIndexInSegment"": 22, ""startIndexInSegment"": 0, ""selectedText"": ""Information you submit"", ""value"": ""Explicit""}, ""Choice Scope"": {""endIndexInSegment"": 51, ""startIndexInSegment"": 47, ""selectedText"": ""used"", ""value"": ""Use""}, ""Action First-Party"": {""endIndexInSegment"": -1, ""startIndexInSegment"": -1, ""value"": ""Unspecified""}, ""Personal Information Type"": {""endIndexInSegment"": -1, ""startIndexInSegment"": -1, ""value"": ""Unspecified""}, ""Choice Type"": {""endIndexInSegment"": 38, ""startIndexInSegment"": 0, ""selectedText"": ""Information you submit to our web site"", ""value"": ""Opt-in""}, ""Identifiability"": {""endIndexInSegment"": -1, ""startIndexInSegment"": -1, ""value"": ""Unspecified""}, ""Does/Does Not"": {""endIndexInSegment"": 51, ""startIndexInSegment"": 0, ""selectedText"": ""Information you submit to our web site will be used"", ""value"": ""Does""}, ""User Type"": {""endIndexInSegment"": -1, ""startIndexInSegment"": -1, ""value"": ""Unspecified""}, ""Purpose"": {""endIndexInSegment"": 136, ""startIndexInSegment"": 55, ""selectedText"": ""contact you if you have subscribed to our newsletter, if you have made a donation"", ""value"": ""Additional service/feature""}}",7/10/14,https://www.opensecrets.org/about/policy.php
8556,test_category_labeling_highlight_upitt,95,3715,3,First Party Collection/Use,"{""Collection Mode"": {""endIndexInSegment"": 22, ""startIndexInSegment"": 0, ""selectedText"": ""Information you submit"", ""value"": ""Explicit""}, ""Choice Scope"": {""endIndexInSegment"": 51, ""startIndexInSegment"": 47, ""selectedText"": ""used"", ""value"": ""Use""}, ""Action First-Party"": {""endIndexInSegment"": -1, ""startIndexInSegment"": -1, ""value"": ""Unspecified""}, ""Personal Information Type"": {""endIndexInSegment"": -1, ""startIndexInSegment"": -1, ""value"": ""Unspecified""}, ""Choice Type"": {""endIndexInSegment"": 38, ""startIndexInSegment"": 0, ""selectedText"": ""Information you submit to our web site"", ""value"": ""Opt-in""}, ""Identifiability"": {""endIndexInSegment"": -1, ""startIndexInSegment"": -1, ""value"": ""Unspecified""}, ""Does/Does Not"": {""endIndexInSegment"": 51, ""startIndexInSegment"": 0, ""selectedText"": ""Information you submit to our web site will be used"", ""value"": ""Does""}, ""User Type"": {""endIndexInSegment"": -1, ""startIndexInSegment"": -1, ""value"": ""Unspecified""}, ""Purpose"": {""endIndexInSegment"": 194, ""startIndexInSegment"": 140, ""selectedText"": ""if you respond to an action request made by the Center"", ""value"": ""Basic service/feature""}}",7/10/14,https://www.opensecrets.org/about/policy.php
10309,test_category_labeling_highlight_upitt,103,3715,3,First Party Collection/Use,"{""Collection Mode"": {""endIndexInSegment"": 38, ""startIndexInSegment"": 0, ""selectedText"": ""Information you submit to our web site"", ""value"": ""Explicit""}, ""Choice Scope"": {""endIndexInSegment"": 293, ""startIndexInSegment"": 196, ""selectedText"": ""Should you \""unsubscribe\"" from a newsletter you will be permanently removed from our contact list."", ""value"": ""Both""}, ""Action First-Party"": {""endIndexInSegment"": 38, ""startIndexInSegment"": 23, ""selectedText"": ""to our web site"", ""value"": ""Collect on website""}, ""Personal Information Type"": {""endIndexInSegment"": 62, ""startIndexInSegment"": 55, ""selectedText"": ""contact"", ""value"": ""Contact""}, ""Choice Type"": {""endIndexInSegment"": 220, ""startIndexInSegment"": 207, ""selectedText"": ""\""unsubscribe\"""", ""value"": ""Other""}, ""Identifiability"": {""endIndexInSegment"": -1, ""startIndexInSegment"": -1, ""value"": ""not-selected""}, ""Does/Does Not"": {""endIndexInSegment"": -1, ""startIndexInSegment"": -1, ""value"": ""Does""}, ""User Type"": {""endIndexInSegment"": -1, ""startIndexInSegment"": -1, ""value"": ""not-selected""}, ""Purpose"": {""endIndexInSegment"": 195, ""startIndexInSegment"": 0, ""selectedText"": ""Information you submit to our web site will be used to contact you if you have subscribed to our newsletter, if you have made a donation or if you respond to an action request made by the Center."", ""value"": ""Other""}}",7/10/14,https://www.opensecrets.org/about/policy.php
8557,test_category_labeling_highlight_upitt,95,3715,4,First Party Collection/Use,"{""Collection Mode"": {""endIndexInSegment"": 48, ""startIndexInSegment"": 39, ""selectedText"": ""\""cookies\"""", ""value"": ""Implicit""}, ""Choice Scope"": {""endIndexInSegment"": 20, ""startIndexInSegment"": 16, ""selectedText"": ""uses"", ""value"": ""Use""}, ""Action First-Party"": {""endIndexInSegment"": 158, ""startIndexInSegment"": 0, ""selectedText"": ""OpenSecrets.org uses temporary session \""cookies\"" (data that is generated on our web server and stored on your computer) for authentication and other purposes."", ""value"": ""Collect on website""}, ""Personal Information Type"": {""endIndexInSegment"": -1, ""startIndexInSegment"": -1, ""value"": ""Unspecified""}, ""Choice Type"": {""endIndexInSegment"": 325, ""startIndexInSegment"": 271, ""selectedText"": ""A user may set his or her browser to disallow cookies."", ""value"": ""Browser/device privacy controls""}, ""Identifiability"": {""endIndexInSegment"": 219, ""startIndexInSegment"": 181, ""selectedText"": ""no personally identifiable information"", ""value"": ""Other""}, ""Does/Does Not"": {""endIndexInSegment"": 48, ""startIndexInSegment"": 0, ""selectedText"": ""OpenSecrets.org uses temporary session \""cookies\"""", ""value"": ""Does""}, ""User Type"": {""endIndexInSegment"": -1, ""startIndexInSegment"": -1, ""value"": ""Unspecified""}, ""Purpose"": {""endIndexInSegment"": 138, ""startIndexInSegment"": 124, ""selectedText"": ""authentication"", ""value"": ""Basic service/feature""}}",7/10/14,https://www.opensecrets.org/about/policy.php
8558,test_category_labeling_highlight_upitt,95,3715,4,First Party Collection/Use,"{""Collection Mode"": {""endIndexInSegment"": 48, ""startIndexInSegment"": 39, ""selectedText"": ""\""cookies\"""", ""value"": ""Implicit""}, ""Choice Scope"": {""endIndexInSegment"": 20, ""startIndexInSegment"": 16, ""selectedText"": ""uses"", ""value"": ""Use""}, ""Action First-Party"": {""endIndexInSegment"": 158, ""startIndexInSegment"": 0, ""selectedText"": ""OpenSecrets.org uses temporary session \""cookies\"" (data that is generated on our web server and stored on your computer) for authentication and other purposes."", ""value"": ""Collect on website""}, ""Personal Information Type"": {""endIndexInSegment"": -1, ""startIndexInSegment"": -1, ""value"": ""Unspecified""}, ""Choice Type"": {""endIndexInSegment"": 325, ""startIndexInSegment"": 271, ""selectedText"": ""A user may set his or her browser to disallow cookies."", ""value"": ""Browser/device privacy controls""}, ""Identifiability"": {""endIndexInSegment"": 219, ""startIndexInSegment"": 181, ""selectedText"": ""no personally identifiable information"", ""value"": ""Other""}, ""Does/Does Not"": {""endIndexInSegment"": 48, ""startIndexInSegment"": 0, ""selectedText"": ""OpenSecrets.org uses temporary session \""cookies\"""", ""value"": ""Does""}, ""User Type"": {""endIndexInSegment"": -1, ""startIndexInSegment"": -1, ""value"": ""Unspecified""}, ""Purpose"": {""endIndexInSegment"": 157, ""startIndexInSegment"": 143, ""selectedText"": ""other purposes"", ""value"": ""Unspecified""}}",7/10/14,https://www.opensecrets.org/about/policy.php
10310,test_category_labeling_highlight_upitt,103,3715,4,First Party Collection/Use,"{""Collection Mode"": {""endIndexInSegment"": -1, ""startIndexInSegment"": -1, ""value"": ""not-selected""}, ""Choice Scope"": {""endIndexInSegment"": 396, ""startIndexInSegment"": 271, ""selectedText"": ""A user may set his or her browser to disallow cookies. In such a case, some features of the website may not work as intended."", ""value"": ""Unspecified""}, ""Action First-Party"": {""endIndexInSegment"": 119, ""startIndexInSegment"": 16, ""selectedText"": ""uses temporary session \""cookies\"" (data that is generated on our web server and stored on your computer)"", ""value"": ""Collect on website""}, ""Personal Information Type"": {""endIndexInSegment"": 270, ""startIndexInSegment"": 21, ""selectedText"": ""temporary session \""cookies\"" (data that is generated on our web server and stored on your computer) for authentication and other purposes. These cookies contain no personally identifiable information and are deleted when the browser window is closed."", ""value"": ""Cookies and tracking elements""}, ""Choice Type"": {""endIndexInSegment"": 325, ""startIndexInSegment"": 271, ""selectedText"": ""A user may set his or her browser to disallow cookies."", ""value"": ""Browser/device privacy controls""}, ""Identifiability"": {""endIndexInSegment"": 219, ""startIndexInSegment"": 165, ""selectedText"": ""cookies contain no personally identifiable information"", ""value"": ""Other""}, ""Does/Does Not"": {""endIndexInSegment"": -1, ""startIndexInSegment"": -1, ""value"": ""Does""}, ""User Type"": {""endIndexInSegment"": -1, ""startIndexInSegment"": -1, ""value"": ""not-selected""}, ""Purpose"": {""endIndexInSegment"": 158, ""startIndexInSegment"": 120, ""selectedText"": ""for authentication and other purposes."", ""value"": ""Other""}}",7/10/14,https://www.opensecrets.org/about/policy.php
10311,test_category_labeling_highlight_upitt,103,3715,4,Third Party Sharing/Collection,"{""Third Party Entity"": {""endIndexInSegment"": 467, ""startIndexInSegment"": 410, ""selectedText"": ""third party social networking services and advertisements"", ""value"": ""Unnamed third party""}, ""Choice Scope"": {""endIndexInSegment"": -1, ""startIndexInSegment"": -1, ""value"": ""not-selected""}, ""Purpose"": {""endIndexInSegment"": -1, ""startIndexInSegment"": -1, ""value"": ""Unspecified""}, ""Personal Information Type"": {""endIndexInSegment"": 522, ""startIndexInSegment"": 501, ""selectedText"": ""which may use cookies"", ""value"": ""Cookies and tracking elements""}, ""Choice Type"": {""endIndexInSegment"": -1, ""startIndexInSegment"": -1, ""value"": ""not-selected""}, ""Identifiability"": {""endIndexInSegment"": -1, ""startIndexInSegment"": -1, ""value"": ""not-selected""}, ""Does/Does Not"": {""endIndexInSegment"": -1, ""startIndexInSegment"": -1, ""value"": ""Does""}, ""User Type"": {""endIndexInSegment"": -1, ""startIndexInSegment"": -1, ""value"": ""not-selected""}, ""Action Third Party"": {""endIndexInSegment"": 531, ""startIndexInSegment"": 397, ""selectedText"": ""In addition, third party social networking services and advertisements are displayed on OpenSecrets.org which may use cookies as well."", ""value"": ""Track on first party website/app""}}",7/10/14,https://www.opensecrets.org/about/policy.php
8559,test_category_labeling_highlight_upitt,95,3715,5,First Party Collection/Use,"{""Collection Mode"": {""endIndexInSegment"": 101, ""startIndexInSegment"": 0, ""selectedText"": ""OpenSecrets.org uses Google Analytics to learn how people use the site and to improve our services. W"", ""value"": ""Implicit""}, ""Choice Scope"": {""endIndexInSegment"": -1, ""startIndexInSegment"": -1, ""value"": ""Unspecified""}, ""Action First-Party"": {""endIndexInSegment"": 99, ""startIndexInSegment"": 0, ""selectedText"": ""OpenSecrets.org uses Google Analytics to learn how people use the site and to improve our services."", ""value"": ""Collect on website""}, ""Personal Information Type"": {""endIndexInSegment"": 282, ""startIndexInSegment"": 268, ""selectedText"": ""the IP address"", ""value"": ""IP address and device IDs""}, ""Choice Type"": {""endIndexInSegment"": -1, ""startIndexInSegment"": -1, ""value"": ""Unspecified""}, ""Identifiability"": {""endIndexInSegment"": -1, ""startIndexInSegment"": -1, ""value"": ""Unspecified""}, ""Does/Does Not"": {""endIndexInSegment"": 115, ""startIndexInSegment"": 100, ""selectedText"": ""We also collect"", ""value"": ""Does""}, ""User Type"": {""endIndexInSegment"": -1, ""startIndexInSegment"": -1, ""value"": ""Unspecified""}, ""Purpose"": {""endIndexInSegment"": 224, ""startIndexInSegment"": 155, ""selectedText"": ""ensure the integrity of our services and for troubleshooting purposes"", ""value"": ""Service Operation and Security""}}",7/10/14,https://www.opensecrets.org/about/policy.php
8560,test_category_labeling_highlight_upitt,95,3715,5,First Party Collection/Use,"{""Collection Mode"": {""endIndexInSegment"": 101, ""startIndexInSegment"": 0, ""selectedText"": ""OpenSecrets.org uses Google Analytics to learn how people use the site and to improve our services. W"", ""value"": ""Implicit""}, ""Choice Scope"": {""endIndexInSegment"": -1, ""startIndexInSegment"": -1, ""value"": ""Unspecified""}, ""Action First-Party"": {""endIndexInSegment"": 99, ""startIndexInSegment"": 0, ""selectedText"": ""OpenSecrets.org uses Google Analytics to learn how people use the site and to improve our services."", ""value"": ""Collect on website""}, ""Personal Information Type"": {""endIndexInSegment"": 309, ""startIndexInSegment"": 291, ""selectedText"": ""URL of the request"", ""value"": ""User online activities""}, ""Choice Type"": {""endIndexInSegment"": -1, ""startIndexInSegment"": -1, ""value"": ""Unspecified""}, ""Identifiability"": {""endIndexInSegment"": -1, ""startIndexInSegment"": -1, ""value"": ""Unspecified""}, ""Does/Does Not"": {""endIndexInSegment"": 115, ""startIndexInSegment"": 100, ""selectedText"": ""We also collect"", ""value"": ""Does""}, ""User Type"": {""endIndexInSegment"": -1, ""startIndexInSegment"": -1, ""value"": ""Unspecified""}, ""Purpose"": {""endIndexInSegment"": 224, ""startIndexInSegment"": 155, ""selectedText"": ""ensure the integrity of our services and for troubleshooting purposes"", ""value"": ""Service Operation and Security""}}",7/10/14,https://www.opensecrets.org/about/policy.php
8561,test_category_labeling_highlight_upitt,95,3715,5,Data Retention,"{""Personal Information Type"": {""endIndexInSegment"": 320, ""startIndexInSegment"": 311, ""selectedText"": ""Log files"", ""value"": ""Other""}, ""Retention Period"": {""endIndexInSegment"": 373, ""startIndexInSegment"": 360, ""selectedText"": ""after 90 days"", ""value"": ""Stated Period""}, ""Retention Purpose"": {""endIndexInSegment"": -1, ""startIndexInSegment"": -1, ""value"": ""Unspecified""}}",7/10/14,https://www.opensecrets.org/about/policy.php
8562,test_category_labeling_highlight_upitt,95,3715,5,Third Party Sharing/Collection,"{""Third Party Entity"": {""endIndexInSegment"": 493, ""startIndexInSegment"": 454, ""selectedText"": ""funders or potential future advertisers"", ""value"": ""Unnamed third party""}, ""Choice Scope"": {""endIndexInSegment"": -1, ""startIndexInSegment"": -1, ""value"": ""Unspecified""}, ""Purpose"": {""endIndexInSegment"": -1, ""startIndexInSegment"": -1, ""value"": ""Unspecified""}, ""Personal Information Type"": {""endIndexInSegment"": -1, ""startIndexInSegment"": -1, ""value"": ""Unspecified""}, ""Choice Type"": {""endIndexInSegment"": -1, ""startIndexInSegment"": -1, ""value"": ""Unspecified""}, ""Identifiability"": {""endIndexInSegment"": 396, ""startIndexInSegment"": 375, ""selectedText"": ""Aggregate information"", ""value"": ""Aggregated or anonymized""}, ""Does/Does Not"": {""endIndexInSegment"": 448, ""startIndexInSegment"": 435, ""selectedText"": ""may be shared"", ""value"": ""Does""}, ""User Type"": {""endIndexInSegment"": -1, ""startIndexInSegment"": -1, ""value"": ""Unspecified""}, ""Action Third Party"": {""endIndexInSegment"": 448, ""startIndexInSegment"": 435, ""selectedText"": ""may be shared"", ""value"": ""Receive/Shared with""}}",7/10/14,https://www.opensecrets.org/about/policy.php
10312,test_category_labeling_highlight_upitt,103,3715,5,Third Party Sharing/Collection,"{""Third Party Entity"": {""endIndexInSegment"": 37, ""startIndexInSegment"": 21, ""selectedText"": ""Google Analytics"", ""value"": ""Named third party""}, ""Choice Scope"": {""endIndexInSegment"": -1, ""startIndexInSegment"": -1, ""value"": ""not-selected""}, ""Purpose"": {""endIndexInSegment"": 99, ""startIndexInSegment"": 38, ""selectedText"": ""to learn how people use the site and to improve our services."", ""value"": ""Analytics/Research""}, ""Personal Information Type"": {""endIndexInSegment"": -1, ""startIndexInSegment"": -1, ""value"": ""Unspecified""}, ""Choice Type"": {""endIndexInSegment"": -1, ""startIndexInSegment"": -1, ""value"": ""not-selected""}, ""Identifiability"": {""endIndexInSegment"": -1, ""startIndexInSegment"": -1, ""value"": ""not-selected""}, ""Does/Does Not"": {""endIndexInSegment"": -1, ""startIndexInSegment"": -1, ""value"": ""Does""}, ""User Type"": {""endIndexInSegment"": -1, ""startIndexInSegment"": -1, ""value"": ""not-selected""}, ""Action Third Party"": {""endIndexInSegment"": -1, ""startIndexInSegment"": -1, ""value"": ""Unspecified""}}",7/10/14,https://www.opensecrets.org/about/policy.php
10313,test_category_labeling_highlight_upitt,103,3715,5,Data Retention,"{""Personal Information Type"": {""endIndexInSegment"": 310, ""startIndexInSegment"": 254, ""selectedText"": ""are the date, the IP address and the URL of the request."", ""value"": ""IP address and device IDs""}, ""Retention Period"": {""endIndexInSegment"": 374, ""startIndexInSegment"": 311, ""selectedText"": ""Log files are typically deleted from our servers after 90 days."", ""value"": ""Stated Period""}, ""Retention Purpose"": {""endIndexInSegment"": 310, ""startIndexInSegment"": 100, ""selectedText"": ""We also collect standard log files from our systems to ensure the integrity of our services and for troubleshooting purposes. Included in these log files are the date, the IP address and the URL of the request."", ""value"": ""Service operation and security""}}",7/10/14,https://www.opensecrets.org/about/policy.php
10314,test_category_labeling_highlight_upitt,103,3715,5,Third Party Sharing/Collection,"{""Third Party Entity"": {""endIndexInSegment"": 494, ""startIndexInSegment"": 454, ""selectedText"": ""funders or potential future advertisers."", ""value"": ""Named third party""}, ""Choice Scope"": {""endIndexInSegment"": -1, ""startIndexInSegment"": -1, ""value"": ""not-selected""}, ""Purpose"": {""endIndexInSegment"": -1, ""startIndexInSegment"": -1, ""value"": ""Unspecified""}, ""Personal Information Type"": {""endIndexInSegment"": 396, ""startIndexInSegment"": 375, ""selectedText"": ""Aggregate information"", ""value"": ""Other""}, ""Choice Type"": {""endIndexInSegment"": -1, ""startIndexInSegment"": -1, ""value"": ""not-selected""}, ""Identifiability"": {""endIndexInSegment"": 434, ""startIndexInSegment"": 375, ""selectedText"": ""Aggregate information that does not personally identify you"", ""value"": ""Aggregated or anonymized""}, ""Does/Does Not"": {""endIndexInSegment"": -1, ""startIndexInSegment"": -1, ""value"": ""Does""}, ""User Type"": {""endIndexInSegment"": -1, ""startIndexInSegment"": -1, ""value"": ""not-selected""}, ""Action Third Party"": {""endIndexInSegment"": 453, ""startIndexInSegment"": 435, ""selectedText"": ""may be shared with"", ""value"": ""Receive/Shared with""}}",7/10/14,https://www.opensecrets.org/about/policy.php
8563,test_category_labeling_highlight_upitt,95,3715,6,Policy Change,"{""Change Type"": {""endIndexInSegment"": 47, ""startIndexInSegment"": 0, ""selectedText"": ""When this privacy policy is revised or updated,"", ""value"": ""Privacy relevant change""}, ""User Choice"": {""endIndexInSegment"": 343, ""startIndexInSegment"": 159, ""selectedText"": ""It shall be construed that you accept and agree with the revised or updated privacy policy when you access and use the website for the first time after the publication of such changes."", ""value"": ""None""}, ""Notification Type"": {""endIndexInSegment"": 158, ""startIndexInSegment"": 48, ""selectedText"": ""CRP will post the updated version, including the effective date of the revision or update, on OpenSecrets.org."", ""value"": ""Other""}}",7/10/14,https://www.opensecrets.org/about/policy.php
8564,test_category_labeling_highlight_upitt,95,3715,6,Other,"{""Other Type"": {""endIndexInSegment"": 421, ""startIndexInSegment"": 344, ""selectedText"": ""If you have questions about this policy, please email us at feedback@crp.org."", ""value"": ""Privacy contact information""}}",7/10/14,https://www.opensecrets.org/about/policy.php
10315,test_category_labeling_highlight_upitt,103,3715,6,Policy Change,"{""Change Type"": {""endIndexInSegment"": 47, ""startIndexInSegment"": 0, ""selectedText"": ""When this privacy policy is revised or updated,"", ""value"": ""Other""}, ""User Choice"": {""endIndexInSegment"": 343, ""startIndexInSegment"": 159, ""selectedText"": ""It shall be construed that you accept and agree with the revised or updated privacy policy when you access and use the website for the first time after the publication of such changes."", ""value"": ""Other""}, ""Notification Type"": {""endIndexInSegment"": 158, ""startIndexInSegment"": 48, ""selectedText"": ""CRP will post the updated version, including the effective date of the revision or update, on OpenSecrets.org."", ""value"": ""General notice on website""}}",7/10/14,https://www.opensecrets.org/about/policy.php
10316,test_category_labeling_highlight_upitt,103,3715,6,Other,"{""Other Type"": {""endIndexInSegment"": 421, ""startIndexInSegment"": 344, ""selectedText"": ""If you have questions about this policy, please email us at feedback@crp.org."", ""value"": ""Privacy contact information""}}",7/10/14,https://www.opensecrets.org/about/policy.php
8565,test_category_labeling_highlight_upitt,95,3715,7,Other,"{""Other Type"": {""endIndexInSegment"": 54, ""startIndexInSegment"": 0, ""selectedText"": ""This privacy policy was last updated on July 10, 2014."", ""value"": ""Introductory/Generic""}}",7/10/14,https://www.opensecrets.org/about/policy.php
10317,test_category_labeling_highlight_upitt,103,3715,7,Other,"{""Other Type"": {""endIndexInSegment"": 54, ""startIndexInSegment"": 0, ""selectedText"": ""This privacy policy was last updated on July 10, 2014."", ""value"": ""Other""}}",7/10/14,https://www.opensecrets.org/about/policy.php
25417,test_category_labeling_highlight_fordham_ddddd,118,3715,0,Other,"{""Other Type"": {""selectedText"": ""OpenSecrets.org Privacy Policy"", ""startIndexInSegment"": 0, ""endIndexInSegment"": 30, ""value"": ""Introductory/Generic""}}",7/10/14,https://www.opensecrets.org/about/policy.php
25418,test_category_labeling_highlight_fordham_ddddd,118,3715,1,Other,"{""Other Type"": {""selectedText"": ""The Center for Responsive Politics (CRP) takes your privacy very seriously. CRP is the sole owner of the information collected from users on OpenSecrets.org."", ""startIndexInSegment"": 0, ""endIndexInSegment"": 157, ""value"": ""Introductory/Generic""}}",7/10/14,https://www.opensecrets.org/about/policy.php
25419,test_category_labeling_highlight_fordham_ddddd,118,3715,2,Third Party Sharing/Collection,"{""Third Party Entity"": {""selectedText"": ""to any third parties ."", ""startIndexInSegment"": 69, ""endIndexInSegment"": 91, ""value"": ""Unnamed third party""}, ""Choice Scope"": {""selectedText"": ""null"", ""startIndexInSegment"": -1, ""endIndexInSegment"": -1, ""value"": ""not-selected""}, ""Purpose"": {""selectedText"": ""Not selected"", ""startIndexInSegment"": -1, ""endIndexInSegment"": -1, ""value"": ""Unspecified""}, ""Personal Information Type"": {""selectedText"": ""personally identifiable information"", ""startIndexInSegment"": 33, ""endIndexInSegment"": 68, ""value"": ""Generic personal information""}, ""Choice Type"": {""selectedText"": ""null"", ""startIndexInSegment"": -1, ""endIndexInSegment"": -1, ""value"": ""not-selected""}, ""Identifiability"": {""selectedText"": ""identifiable"", ""startIndexInSegment"": 44, ""endIndexInSegment"": 56, ""value"": ""Identifiable""}, ""Does/Does Not"": {""selectedText"": ""CRP will not"", ""startIndexInSegment"": 0, ""endIndexInSegment"": 12, ""value"": ""Does Not""}, ""User Type"": {""selectedText"": ""null"", ""startIndexInSegment"": -1, ""endIndexInSegment"": -1, ""value"": ""not-selected""}, ""Action Third Party"": {""selectedText"": ""share,"", ""startIndexInSegment"": 13, ""endIndexInSegment"": 19, ""value"": ""Receive/Shared with""}}",7/10/14,https://www.opensecrets.org/about/policy.php
25420,test_category_labeling_highlight_fordham_ddddd,118,3715,2,Third Party Sharing/Collection,"{""Third Party Entity"": {""selectedText"": ""to any third parties ."", ""startIndexInSegment"": 69, ""endIndexInSegment"": 91, ""value"": ""Unnamed third party""}, ""Choice Scope"": {""selectedText"": ""null"", ""startIndexInSegment"": -1, ""endIndexInSegment"": -1, ""value"": ""not-selected""}, ""Purpose"": {""selectedText"": ""Not selected"", ""startIndexInSegment"": -1, ""endIndexInSegment"": -1, ""value"": ""Unspecified""}, ""Personal Information Type"": {""selectedText"": ""personally identifiable information"", ""startIndexInSegment"": 33, ""endIndexInSegment"": 68, ""value"": ""Generic personal information""}, ""Choice Type"": {""selectedText"": ""null"", ""startIndexInSegment"": -1, ""endIndexInSegment"": -1, ""value"": ""not-selected""}, ""Identifiability"": {""selectedText"": ""identifiable"", ""startIndexInSegment"": 44, ""endIndexInSegment"": 56, ""value"": ""Identifiable""}, ""Does/Does Not"": {""selectedText"": ""CRP will not"", ""startIndexInSegment"": 0, ""endIndexInSegment"": 12, ""value"": ""Does Not""}, ""User Type"": {""selectedText"": ""null"", ""startIndexInSegment"": -1, ""endIndexInSegment"": -1, ""value"": ""not-selected""}, ""Action Third Party"": {""selectedText"": ""rent or sell"", ""startIndexInSegment"": 20, ""endIndexInSegment"": 32, ""value"": ""Other""}}",7/10/14,https://www.opensecrets.org/about/policy.php
25421,test_category_labeling_highlight_fordham_ddddd,118,3715,2,First Party Collection/Use,"{""Collection Mode"": {""selectedText"": ""null"", ""startIndexInSegment"": -1, ""endIndexInSegment"": -1, ""value"": ""not-selected""}, ""Choice Scope"": {""selectedText"": ""sent marketing materials by CRP unless you explicitly opt-in."", ""startIndexInSegment"": 110, ""endIndexInSegment"": 171, ""value"": ""Use""}, ""Action First-Party"": {""selectedText"": ""sent marketing materials by CRP"", ""startIndexInSegment"": 110, ""endIndexInSegment"": 141, ""value"": ""Other""}, ""Personal Information Type"": {""selectedText"": ""sent marketing materials"", ""startIndexInSegment"": 110, ""endIndexInSegment"": 134, ""value"": ""Contact""}, ""Choice Type"": {""selectedText"": ""unless you explicitly opt-in."", ""startIndexInSegment"": 142, ""endIndexInSegment"": 171, ""value"": ""Opt-in""}, ""Identifiability"": {""selectedText"": ""null"", ""startIndexInSegment"": -1, ""endIndexInSegment"": -1, ""value"": ""not-selected""}, ""Does/Does Not"": {""selectedText"": ""You will never be sent marketing materials by CRP"", ""startIndexInSegment"": 92, ""endIndexInSegment"": 141, ""value"": ""Does Not""}, ""User Type"": {""selectedText"": ""null"", ""startIndexInSegment"": -1, ""endIndexInSegment"": -1, ""value"": ""not-selected""}, ""Purpose"": {""selectedText"": ""marketing"", ""startIndexInSegment"": 115, ""endIndexInSegment"": 124, ""value"": ""Marketing""}}",7/10/14,https://www.opensecrets.org/about/policy.php
25422,test_category_labeling_highlight_fordham_ddddd,118,3715,3,First Party Collection/Use,"{""Collection Mode"": {""selectedText"": ""Information you submit"", ""startIndexInSegment"": 0, ""endIndexInSegment"": 22, ""value"": ""Explicit""}, ""Choice Scope"": {""selectedText"": ""Information"", ""startIndexInSegment"": 0, ""endIndexInSegment"": 11, ""value"": ""Collection""}, ""Action First-Party"": {""selectedText"": ""to our web site"", ""startIndexInSegment"": 23, ""endIndexInSegment"": 38, ""value"": ""Collect on website""}, ""Personal Information Type"": {""selectedText"": ""contact"", ""startIndexInSegment"": 55, ""endIndexInSegment"": 62, ""value"": ""Contact""}, ""Choice Type"": {""selectedText"": ""you submit"", ""startIndexInSegment"": 12, ""endIndexInSegment"": 22, ""value"": ""Opt-in""}, ""Identifiability"": {""selectedText"": ""Not selected"", ""startIndexInSegment"": -1, ""endIndexInSegment"": -1, ""value"": ""Unspecified""}, ""Does/Does Not"": {""selectedText"": ""will be used"", ""startIndexInSegment"": 39, ""endIndexInSegment"": 51, ""value"": ""Does""}, ""User Type"": {""selectedText"": ""Not selected"", ""startIndexInSegment"": -1, ""endIndexInSegment"": -1, ""value"": ""Unspecified""}, ""Purpose"": {""selectedText"": ""to contact you if you have subscribed to our newsletter, if you have made a donation or if you respond to an action request made by the Center."", ""startIndexInSegment"": 52, ""endIndexInSegment"": 195, ""value"": ""Additional service/feature""}}",7/10/14,https://www.opensecrets.org/about/policy.php
25423,test_category_labeling_highlight_fordham_ddddd,118,3715,3,First Party Collection/Use,"{""Collection Mode"": {""selectedText"": ""Information you submit"", ""startIndexInSegment"": 0, ""endIndexInSegment"": 22, ""value"": ""Explicit""}, ""Choice Scope"": {""selectedText"": ""you will be permanently removed from our contact list."", ""startIndexInSegment"": 239, ""endIndexInSegment"": 293, ""value"": ""Both""}, ""Action First-Party"": {""selectedText"": ""to our web site"", ""startIndexInSegment"": 23, ""endIndexInSegment"": 38, ""value"": ""Collect on website""}, ""Personal Information Type"": {""selectedText"": ""contact"", ""startIndexInSegment"": 55, ""endIndexInSegment"": 62, ""value"": ""Contact""}, ""Choice Type"": {""selectedText"": ""Should you \""unsubscribe\"" from a newsletter"", ""startIndexInSegment"": 196, ""endIndexInSegment"": 238, ""value"": ""Unspecified""}, ""Identifiability"": {""selectedText"": ""Not selected"", ""startIndexInSegment"": -1, ""endIndexInSegment"": -1, ""value"": ""Unspecified""}, ""Does/Does Not"": {""selectedText"": ""will be used"", ""startIndexInSegment"": 39, ""endIndexInSegment"": 51, ""value"": ""Does""}, ""User Type"": {""selectedText"": ""Not selected"", ""startIndexInSegment"": -1, ""endIndexInSegment"": -1, ""value"": ""Unspecified""}, ""Purpose"": {""selectedText"": ""to contact you if you have subscribed to our newsletter, if you have made a donation or if you respond to an action request made by the Center."", ""startIndexInSegment"": 52, ""endIndexInSegment"": 195, ""value"": ""Additional service/feature""}}",7/10/14,https://www.opensecrets.org/about/policy.php
25424,test_category_labeling_highlight_fordham_ddddd,118,3715,4,First Party Collection/Use,"{""Collection Mode"": {""selectedText"": ""(data that is generated on our web server and stored on your computer)"", ""startIndexInSegment"": 49, ""endIndexInSegment"": 119, ""value"": ""Implicit""}, ""Choice Scope"": {""selectedText"": ""to disallow cookies."", ""startIndexInSegment"": 305, ""endIndexInSegment"": 325, ""value"": ""Collection""}, ""Action First-Party"": {""selectedText"": ""OpenSecrets.org"", ""startIndexInSegment"": 0, ""endIndexInSegment"": 15, ""value"": ""Collect on website""}, ""Personal Information Type"": {""selectedText"": ""temporary session \""cookies\"""", ""startIndexInSegment"": 21, ""endIndexInSegment"": 48, ""value"": ""Cookies and tracking elements""}, ""Choice Type"": {""selectedText"": ""may set his or her browser"", ""startIndexInSegment"": 278, ""endIndexInSegment"": 304, ""value"": ""Browser/device privacy controls""}, ""Identifiability"": {""selectedText"": ""These cookies contain no personally identifiable information"", ""startIndexInSegment"": 159, ""endIndexInSegment"": 219, ""value"": ""Aggregated or anonymized""}, ""Does/Does Not"": {""selectedText"": ""OpenSecrets.org uses"", ""startIndexInSegment"": 0, ""endIndexInSegment"": 20, ""value"": ""Does""}, ""User Type"": {""selectedText"": ""A user"", ""startIndexInSegment"": 271, ""endIndexInSegment"": 277, ""value"": ""Unspecified""}, ""Purpose"": {""selectedText"": ""for authentication"", ""startIndexInSegment"": 120, ""endIndexInSegment"": 138, ""value"": ""Service Operation and Security""}}",7/10/14,https://www.opensecrets.org/about/policy.php
25425,test_category_labeling_highlight_fordham_ddddd,118,3715,4,First Party Collection/Use,"{""Collection Mode"": {""selectedText"": ""(data that is generated on our web server and stored on your computer)"", ""startIndexInSegment"": 49, ""endIndexInSegment"": 119, ""value"": ""Implicit""}, ""Choice Scope"": {""selectedText"": ""to disallow cookies."", ""startIndexInSegment"": 305, ""endIndexInSegment"": 325, ""value"": ""Collection""}, ""Action First-Party"": {""selectedText"": ""OpenSecrets.org"", ""startIndexInSegment"": 0, ""endIndexInSegment"": 15, ""value"": ""Collect on website""}, ""Personal Information Type"": {""selectedText"": ""temporary session \""cookies\"""", ""startIndexInSegment"": 21, ""endIndexInSegment"": 48, ""value"": ""Cookies and tracking elements""}, ""Choice Type"": {""selectedText"": ""may set his or her browser"", ""startIndexInSegment"": 278, ""endIndexInSegment"": 304, ""value"": ""Browser/device privacy controls""}, ""Identifiability"": {""selectedText"": ""These cookies contain no personally identifiable information"", ""startIndexInSegment"": 159, ""endIndexInSegment"": 219, ""value"": ""Aggregated or anonymized""}, ""Does/Does Not"": {""selectedText"": ""OpenSecrets.org uses"", ""startIndexInSegment"": 0, ""endIndexInSegment"": 20, ""value"": ""Does""}, ""User Type"": {""selectedText"": ""A user"", ""startIndexInSegment"": 271, ""endIndexInSegment"": 277, ""value"": ""Unspecified""}, ""Purpose"": {""selectedText"": ""other purposes."", ""startIndexInSegment"": 143, ""endIndexInSegment"": 158, ""value"": ""Unspecified""}}",7/10/14,https://www.opensecrets.org/about/policy.php
25426,test_category_labeling_highlight_fordham_ddddd,118,3715,4,First Party Collection/Use,"{""Collection Mode"": {""selectedText"": ""(data that is generated on our web server and stored on your computer)"", ""startIndexInSegment"": 49, ""endIndexInSegment"": 119, ""value"": ""Implicit""}, ""Choice Scope"": {""selectedText"": ""to disallow cookies."", ""startIndexInSegment"": 305, ""endIndexInSegment"": 325, ""value"": ""Collection""}, ""Action First-Party"": {""selectedText"": ""OpenSecrets.org"", ""startIndexInSegment"": 0, ""endIndexInSegment"": 15, ""value"": ""Collect on website""}, ""Personal Information Type"": {""selectedText"": ""temporary session \""cookies\"""", ""startIndexInSegment"": 21, ""endIndexInSegment"": 48, ""value"": ""Cookies and tracking elements""}, ""Choice Type"": {""selectedText"": ""may set his or her browser"", ""startIndexInSegment"": 278, ""endIndexInSegment"": 304, ""value"": ""Browser/device privacy controls""}, ""Identifiability"": {""selectedText"": ""These cookies contain no personally identifiable information"", ""startIndexInSegment"": 159, ""endIndexInSegment"": 219, ""value"": ""Aggregated or anonymized""}, ""Does/Does Not"": {""selectedText"": ""OpenSecrets.org uses"", ""startIndexInSegment"": 0, ""endIndexInSegment"": 20, ""value"": ""Does""}, ""User Type"": {""selectedText"": ""A user"", ""startIndexInSegment"": 271, ""endIndexInSegment"": 277, ""value"": ""Unspecified""}, ""Purpose"": {""selectedText"": ""In such a case, some features of the website may not work as intended."", ""startIndexInSegment"": 326, ""endIndexInSegment"": 396, ""value"": ""Additional service/feature""}}",7/10/14,https://www.opensecrets.org/about/policy.php
25427,test_category_labeling_highlight_fordham_ddddd,118,3715,4,Data Retention,"{""Personal Information Type"": {""selectedText"": ""These cookies"", ""startIndexInSegment"": 159, ""endIndexInSegment"": 172, ""value"": ""Cookies and tracking elements""}, ""Retention Period"": {""selectedText"": ""are deleted when the browser window is closed."", ""startIndexInSegment"": 224, ""endIndexInSegment"": 270, ""value"": ""Limited""}, ""Retention Purpose"": {""selectedText"": ""for authentication"", ""startIndexInSegment"": 120, ""endIndexInSegment"": 138, ""value"": ""Service operation and security""}}",7/10/14,https://www.opensecrets.org/about/policy.php
25428,test_category_labeling_highlight_fordham_ddddd,118,3715,4,Data Retention,"{""Personal Information Type"": {""selectedText"": ""These cookies"", ""startIndexInSegment"": 159, ""endIndexInSegment"": 172, ""value"": ""Cookies and tracking elements""}, ""Retention Period"": {""selectedText"": ""are deleted when the browser window is closed."", ""startIndexInSegment"": 224, ""endIndexInSegment"": 270, ""value"": ""Limited""}, ""Retention Purpose"": {""selectedText"": ""other purposes."", ""startIndexInSegment"": 143, ""endIndexInSegment"": 158, ""value"": ""Unspecified""}}",7/10/14,https://www.opensecrets.org/about/policy.php
25429,test_category_labeling_highlight_fordham_ddddd,118,3715,4,Data Retention,"{""Personal Information Type"": {""selectedText"": ""These cookies"", ""startIndexInSegment"": 159, ""endIndexInSegment"": 172, ""value"": ""Cookies and tracking elements""}, ""Retention Period"": {""selectedText"": ""are deleted when the browser window is closed."", ""startIndexInSegment"": 224, ""endIndexInSegment"": 270, ""value"": ""Limited""}, ""Retention Purpose"": {""selectedText"": ""In such a case, some features of the website may not work as intended."", ""startIndexInSegment"": 326, ""endIndexInSegment"": 396, ""value"": ""Perform service""}}",7/10/14,https://www.opensecrets.org/about/policy.php
25430,test_category_labeling_highlight_fordham_ddddd,118,3715,4,Data Retention,"{""Personal Information Type"": {""selectedText"": ""These cookies"", ""startIndexInSegment"": 159, ""endIndexInSegment"": 172, ""value"": ""Cookies and tracking elements""}, ""Retention Period"": {""selectedText"": ""are deleted when the browser window is closed."", ""startIndexInSegment"": 224, ""endIndexInSegment"": 270, ""value"": ""Limited""}, ""Retention Purpose"": {""selectedText"": ""advertisements"", ""startIndexInSegment"": 453, ""endIndexInSegment"": 467, ""value"": ""Advertising""}}",7/10/14,https://www.opensecrets.org/about/policy.php
25431,test_category_labeling_highlight_fordham_ddddd,118,3715,4,First Party Collection/Use,"{""Collection Mode"": {""selectedText"": ""(data that is generated on our web server and stored on your computer)"", ""startIndexInSegment"": 49, ""endIndexInSegment"": 119, ""value"": ""Implicit""}, ""Choice Scope"": {""selectedText"": ""to disallow cookies."", ""startIndexInSegment"": 305, ""endIndexInSegment"": 325, ""value"": ""Collection""}, ""Action First-Party"": {""selectedText"": ""OpenSecrets.org"", ""startIndexInSegment"": 0, ""endIndexInSegment"": 15, ""value"": ""Collect on website""}, ""Personal Information Type"": {""selectedText"": ""temporary session \""cookies\"""", ""startIndexInSegment"": 21, ""endIndexInSegment"": 48, ""value"": ""Cookies and tracking elements""}, ""Choice Type"": {""selectedText"": ""may set his or her browser"", ""startIndexInSegment"": 278, ""endIndexInSegment"": 304, ""value"": ""Browser/device privacy controls""}, ""Identifiability"": {""selectedText"": ""These cookies contain no personally identifiable information"", ""startIndexInSegment"": 159, ""endIndexInSegment"": 219, ""value"": ""Aggregated or anonymized""}, ""Does/Does Not"": {""selectedText"": ""OpenSecrets.org uses"", ""startIndexInSegment"": 0, ""endIndexInSegment"": 20, ""value"": ""Does""}, ""User Type"": {""selectedText"": ""A user"", ""startIndexInSegment"": 271, ""endIndexInSegment"": 277, ""value"": ""Unspecified""}, ""Purpose"": {""selectedText"": ""advertisements"", ""startIndexInSegment"": 453, ""endIndexInSegment"": 467, ""value"": ""Advertising""}}",7/10/14,https://www.opensecrets.org/about/policy.php
25432,test_category_labeling_highlight_fordham_ddddd,118,3715,5,First Party Collection/Use,"{""Collection Mode"": {""selectedText"": ""null"", ""startIndexInSegment"": -1, ""endIndexInSegment"": -1, ""value"": ""not-selected""}, ""Choice Scope"": {""selectedText"": ""null"", ""startIndexInSegment"": -1, ""endIndexInSegment"": -1, ""value"": ""not-selected""}, ""Action First-Party"": {""selectedText"": ""uses Google Analytics"", ""startIndexInSegment"": 16, ""endIndexInSegment"": 37, ""value"": ""Receive from other service/third-party (named)""}, ""Personal Information Type"": {""selectedText"": ""how people use the site"", ""startIndexInSegment"": 47, ""endIndexInSegment"": 70, ""value"": ""User online activities""}, ""Choice Type"": {""selectedText"": ""null"", ""startIndexInSegment"": -1, ""endIndexInSegment"": -1, ""value"": ""not-selected""}, ""Identifiability"": {""selectedText"": ""null"", ""startIndexInSegment"": -1, ""endIndexInSegment"": -1, ""value"": ""not-selected""}, ""Does/Does Not"": {""selectedText"": ""OpenSecrets.org uses"", ""startIndexInSegment"": 0, ""endIndexInSegment"": 20, ""value"": ""Does""}, ""User Type"": {""selectedText"": ""null"", ""startIndexInSegment"": -1, ""endIndexInSegment"": -1, ""value"": ""not-selected""}, ""Purpose"": {""selectedText"": ""to learn how people use the site and to improve our services."", ""startIndexInSegment"": 38, ""endIndexInSegment"": 99, ""value"": ""Analytics/Research""}}",7/10/14,https://www.opensecrets.org/about/policy.php
25433,test_category_labeling_highlight_fordham_ddddd,118,3715,5,First Party Collection/Use,"{""Collection Mode"": {""selectedText"": ""null"", ""startIndexInSegment"": -1, ""endIndexInSegment"": -1, ""value"": ""not-selected""}, ""Choice Scope"": {""selectedText"": ""null"", ""startIndexInSegment"": -1, ""endIndexInSegment"": -1, ""value"": ""not-selected""}, ""Action First-Party"": {""selectedText"": ""Not selected"", ""startIndexInSegment"": -1, ""endIndexInSegment"": -1, ""value"": ""Unspecified""}, ""Personal Information Type"": {""selectedText"": ""standard log files from our systems"", ""startIndexInSegment"": 116, ""endIndexInSegment"": 151, ""value"": ""Computer information""}, ""Choice Type"": {""selectedText"": ""null"", ""startIndexInSegment"": -1, ""endIndexInSegment"": -1, ""value"": ""not-selected""}, ""Identifiability"": {""selectedText"": ""null"", ""startIndexInSegment"": -1, ""endIndexInSegment"": -1, ""value"": ""not-selected""}, ""Does/Does Not"": {""selectedText"": ""We also collect"", ""startIndexInSegment"": 100, ""endIndexInSegment"": 115, ""value"": ""Does""}, ""User Type"": {""selectedText"": ""null"", ""startIndexInSegment"": -1, ""endIndexInSegment"": -1, ""value"": ""not-selected""}, ""Purpose"": {""selectedText"": ""to ensure the integrity of our services and for troubleshooting purposes."", ""startIndexInSegment"": 152, ""endIndexInSegment"": 225, ""value"": ""Service Operation and Security""}}",7/10/14,https://www.opensecrets.org/about/policy.php
25434,test_category_labeling_highlight_fordham_ddddd,118,3715,5,First Party Collection/Use,"{""Collection Mode"": {""selectedText"": ""null"", ""startIndexInSegment"": -1, ""endIndexInSegment"": -1, ""value"": ""not-selected""}, ""Choice Scope"": {""selectedText"": ""null"", ""startIndexInSegment"": -1, ""endIndexInSegment"": -1, ""value"": ""not-selected""}, ""Action First-Party"": {""selectedText"": ""Not selected"", ""startIndexInSegment"": -1, ""endIndexInSegment"": -1, ""value"": ""Unspecified""}, ""Personal Information Type"": {""selectedText"": ""IP address"", ""startIndexInSegment"": 272, ""endIndexInSegment"": 282, ""value"": ""IP address and device IDs""}, ""Choice Type"": {""selectedText"": ""null"", ""startIndexInSegment"": -1, ""endIndexInSegment"": -1, ""value"": ""not-selected""}, ""Identifiability"": {""selectedText"": ""null"", ""startIndexInSegment"": -1, ""endIndexInSegment"": -1, ""value"": ""not-selected""}, ""Does/Does Not"": {""selectedText"": ""We also collect"", ""startIndexInSegment"": 100, ""endIndexInSegment"": 115, ""value"": ""Does""}, ""User Type"": {""selectedText"": ""null"", ""startIndexInSegment"": -1, ""endIndexInSegment"": -1, ""value"": ""not-selected""}, ""Purpose"": {""selectedText"": ""to ensure the integrity of our services and for troubleshooting purposes."", ""startIndexInSegment"": 152, ""endIndexInSegment"": 225, ""value"": ""Service Operation and Security""}}",7/10/14,https://www.opensecrets.org/about/policy.php
25435,test_category_labeling_highlight_fordham_ddddd,118,3715,5,Data Retention,"{""Personal Information Type"": {""selectedText"": ""Log files"", ""startIndexInSegment"": 311, ""endIndexInSegment"": 320, ""value"": ""Computer information""}, ""Retention Period"": {""selectedText"": ""are typically deleted from our servers after 90 days."", ""startIndexInSegment"": 321, ""endIndexInSegment"": 374, ""value"": ""Stated Period""}, ""Retention Purpose"": {""selectedText"": ""to ensure the integrity of our services and for troubleshooting purposes."", ""startIndexInSegment"": 152, ""endIndexInSegment"": 225, ""value"": ""Service operation and security""}}",7/10/14,https://www.opensecrets.org/about/policy.php
25436,test_category_labeling_highlight_fordham_ddddd,118,3715,5,Third Party Sharing/Collection,"{""Third Party Entity"": {""selectedText"": ""funders or potential future advertisers."", ""startIndexInSegment"": 454, ""endIndexInSegment"": 494, ""value"": ""Named third party""}, ""Choice Scope"": {""selectedText"": ""null"", ""startIndexInSegment"": -1, ""endIndexInSegment"": -1, ""value"": ""not-selected""}, ""Purpose"": {""selectedText"": ""Not selected"", ""startIndexInSegment"": -1, ""endIndexInSegment"": -1, ""value"": ""Unspecified""}, ""Personal Information Type"": {""selectedText"": ""information"", ""startIndexInSegment"": 385, ""endIndexInSegment"": 396, ""value"": ""Unspecified""}, ""Choice Type"": {""selectedText"": ""null"", ""startIndexInSegment"": -1, ""endIndexInSegment"": -1, ""value"": ""not-selected""}, ""Identifiability"": {""selectedText"": ""Aggregate information that does not personally identify you"", ""startIndexInSegment"": 375, ""endIndexInSegment"": 434, ""value"": ""Aggregated or anonymized""}, ""Does/Does Not"": {""selectedText"": ""null"", ""startIndexInSegment"": -1, ""endIndexInSegment"": -1, ""value"": ""Does""}, ""User Type"": {""selectedText"": ""null"", ""startIndexInSegment"": -1, ""endIndexInSegment"": -1, ""value"": ""not-selected""}, ""Action Third Party"": {""selectedText"": ""may be shared with"", ""startIndexInSegment"": 435, ""endIndexInSegment"": 453, ""value"": ""Receive/Shared with""}}",7/10/14,https://www.opensecrets.org/about/policy.php
25437,test_category_labeling_highlight_fordham_ddddd,118,3715,6,Policy Change,"{""Change Type"": {""selectedText"": ""When this privacy policy is revised or updated,"", ""startIndexInSegment"": 0, ""endIndexInSegment"": 47, ""value"": ""Unspecified""}, ""User Choice"": {""selectedText"": ""It shall be construed that you accept and agree with the revised or updated privacy policy when you access and use the website for the first time after the publication of such changes."", ""startIndexInSegment"": 159, ""endIndexInSegment"": 343, ""value"": ""Other""}, ""Notification Type"": {""selectedText"": ""CRP will post the updated version, including the effective date of the revision or update, on OpenSecrets.org."", ""startIndexInSegment"": 48, ""endIndexInSegment"": 158, ""value"": ""General notice on website""}}",7/10/14,https://www.opensecrets.org/about/policy.php
25438,test_category_labeling_highlight_fordham_ddddd,118,3715,6,Other,"{""Other Type"": {""selectedText"": ""If you have questions about this policy, please email us at feedback@crp.org."", ""startIndexInSegment"": 344, ""endIndexInSegment"": 421, ""value"": ""Privacy contact information""}}",7/10/14,https://www.opensecrets.org/about/policy.php
25439,test_category_labeling_highlight_fordham_ddddd,118,3715,7,Other,"{""Other Type"": {""selectedText"": ""This privacy policy was last updated on July 10, 2014."", ""startIndexInSegment"": 0, ""endIndexInSegment"": 54, ""value"": ""Introductory/Generic""}}",7/10/14,https://www.opensecrets.org/about/policy.php
