4858,test_category_labeling_highlight,84,3720,0,Other,"{""Other Type"": {""endIndexInSegment"": 211, ""startIndexInSegment"": 52, ""selectedText"": ""Trust is a cornerstone of our mission at CBS Interactive. We are committed to gaining and maintaining your trust by following a core set of Privacy Principles."", ""value"": ""Introductory/Generic""}}",5/28/15,http://legalterms.cbsinteractive.com/privacy
5906,test_category_labeling_highlight,88,3720,0,Other,"{""Other Type"": {""endIndexInSegment"": 211, ""startIndexInSegment"": 52, ""selectedText"": ""Trust is a cornerstone of our mission at CBS Interactive. We are committed to gaining and maintaining your trust by following a core set of Privacy Principles."", ""value"": ""Other""}}",5/28/15,http://legalterms.cbsinteractive.com/privacy
6405,test_category_labeling_highlight,82,3720,0,Other,"{""Other Type"": {""endIndexInSegment"": 211, ""startIndexInSegment"": 0, ""selectedText"": ""CBS Interactive Privacy Policy Highlights Trust is a cornerstone of our mission at CBS Interactive. We are committed to gaining and maintaining your trust by following a core set of Privacy Principles."", ""value"": ""Introductory/Generic""}}",5/28/15,http://legalterms.cbsinteractive.com/privacy
4859,test_category_labeling_highlight,84,3720,1,Other,"{""Other Type"": {""endIndexInSegment"": 305, ""startIndexInSegment"": 0, ""selectedText"": ""Note: The CBS Interactive Privacy Policy has been updated. Please review the updated privacy policy carefully before using the CBS Interactive Services. By using any of the CBS Interactive Services, you consent to the terms of the updated privacy policy. Click here for more information about the updates."", ""value"": ""Introductory/Generic""}}",5/28/15,http://legalterms.cbsinteractive.com/privacy
5907,test_category_labeling_highlight,88,3720,1,Policy Change,"{""Change Type"": {""endIndexInSegment"": 254, ""startIndexInSegment"": 6, ""selectedText"": ""The CBS Interactive Privacy Policy has been updated. Please review the updated privacy policy carefully before using the CBS Interactive Services. By using any of the CBS Interactive Services, you consent to the terms of the updated privacy policy."", ""value"": ""Unspecified""}, ""User Choice"": {""endIndexInSegment"": 254, ""startIndexInSegment"": 153, ""selectedText"": ""By using any of the CBS Interactive Services, you consent to the terms of the updated privacy policy."", ""value"": ""User participation""}, ""Notification Type"": {""endIndexInSegment"": 58, ""startIndexInSegment"": 6, ""selectedText"": ""The CBS Interactive Privacy Policy has been updated."", ""value"": ""General notice in privacy policy""}}",5/28/15,http://legalterms.cbsinteractive.com/privacy
6407,test_category_labeling_highlight,82,3720,1,Other,"{""Other Type"": {""endIndexInSegment"": 305, ""startIndexInSegment"": 0, ""selectedText"": ""Note: The CBS Interactive Privacy Policy has been updated. Please review the updated privacy policy carefully before using the CBS Interactive Services. By using any of the CBS Interactive Services, you consent to the terms of the updated privacy policy. Click here for more information about the updates."", ""value"": ""Introductory/Generic""}}",5/28/15,http://legalterms.cbsinteractive.com/privacy
6408,test_category_labeling_highlight,82,3720,1,Policy Change,"{""Change Type"": {""endIndexInSegment"": 305, ""startIndexInSegment"": 0, ""selectedText"": ""Note: The CBS Interactive Privacy Policy has been updated. Please review the updated privacy policy carefully before using the CBS Interactive Services. By using any of the CBS Interactive Services, you consent to the terms of the updated privacy policy. Click here for more information about the updates."", ""value"": ""Unspecified""}, ""User Choice"": {""endIndexInSegment"": -1, ""startIndexInSegment"": -1, ""value"": ""Unspecified""}, ""Notification Type"": {""endIndexInSegment"": -1, ""startIndexInSegment"": -1, ""value"": ""Unspecified""}}",5/28/15,http://legalterms.cbsinteractive.com/privacy
4860,test_category_labeling_highlight,84,3720,2,Other,"{""Other Type"": {""endIndexInSegment"": 410, ""startIndexInSegment"": 34, ""selectedText"": ""CBS Interactive owns, operates, or provides access to, several interactive web sites and other interactive features that provide an authorized link to the CBS Interactive Privacy Policy (collectively \""CBS Interactive Services\""). This Privacy Policy, last modified on May 28, 2015, is guided by a core set of Privacy Principles and applies only to the CBS Interactive Services."", ""value"": ""Introductory/Generic""}}",5/28/15,http://legalterms.cbsinteractive.com/privacy
5908,test_category_labeling_highlight,88,3720,2,Other,"{""Other Type"": {""endIndexInSegment"": 410, ""startIndexInSegment"": 34, ""selectedText"": ""CBS Interactive owns, operates, or provides access to, several interactive web sites and other interactive features that provide an authorized link to the CBS Interactive Privacy Policy (collectively \""CBS Interactive Services\""). This Privacy Policy, last modified on May 28, 2015, is guided by a core set of Privacy Principles and applies only to the CBS Interactive Services."", ""value"": ""Introductory/Generic""}}",5/28/15,http://legalterms.cbsinteractive.com/privacy
6409,test_category_labeling_highlight,82,3720,2,Other,"{""Other Type"": {""endIndexInSegment"": 410, ""startIndexInSegment"": 34, ""selectedText"": ""CBS Interactive owns, operates, or provides access to, several interactive web sites and other interactive features that provide an authorized link to the CBS Interactive Privacy Policy (collectively \""CBS Interactive Services\""). This Privacy Policy, last modified on May 28, 2015, is guided by a core set of Privacy Principles and applies only to the CBS Interactive Services."", ""value"": ""Introductory/Generic""}}",5/28/15,http://legalterms.cbsinteractive.com/privacy
4861,test_category_labeling_highlight,84,3720,3,First Party Collection/Use,"{""Collection Mode"": {""endIndexInSegment"": -1, ""startIndexInSegment"": -1, ""value"": ""Unspecified""}, ""Choice Scope"": {""endIndexInSegment"": -1, ""startIndexInSegment"": -1, ""value"": ""Unspecified""}, ""Action First-Party"": {""endIndexInSegment"": -1, ""startIndexInSegment"": -1, ""value"": ""Unspecified""}, ""Personal Information Type"": {""endIndexInSegment"": 121, ""startIndexInSegment"": 110, ""selectedText"": ""Information"", ""value"": ""Unspecified""}, ""Choice Type"": {""endIndexInSegment"": -1, ""startIndexInSegment"": -1, ""value"": ""Unspecified""}, ""Identifiability"": {""endIndexInSegment"": -1, ""startIndexInSegment"": -1, ""value"": ""Unspecified""}, ""Does/Does Not"": {""endIndexInSegment"": 42, ""startIndexInSegment"": 35, ""selectedText"": ""collect"", ""value"": ""Does""}, ""User Type"": {""endIndexInSegment"": -1, ""startIndexInSegment"": -1, ""value"": ""Unspecified""}, ""Purpose"": {""endIndexInSegment"": -1, ""startIndexInSegment"": -1, ""value"": ""Unspecified""}}",5/28/15,http://legalterms.cbsinteractive.com/privacy
4862,test_category_labeling_highlight,84,3720,3,First Party Collection/Use,"{""Collection Mode"": {""endIndexInSegment"": -1, ""startIndexInSegment"": -1, ""value"": ""Unspecified""}, ""Choice Scope"": {""endIndexInSegment"": -1, ""startIndexInSegment"": -1, ""value"": ""Unspecified""}, ""Action First-Party"": {""endIndexInSegment"": -1, ""startIndexInSegment"": -1, ""value"": ""Unspecified""}, ""Personal Information Type"": {""endIndexInSegment"": 227, ""startIndexInSegment"": 208, ""selectedText"": ""about your computer"", ""value"": ""Computer information""}, ""Choice Type"": {""endIndexInSegment"": -1, ""startIndexInSegment"": -1, ""value"": ""Unspecified""}, ""Identifiability"": {""endIndexInSegment"": -1, ""startIndexInSegment"": -1, ""value"": ""Unspecified""}, ""Does/Does Not"": {""endIndexInSegment"": 42, ""startIndexInSegment"": 35, ""selectedText"": ""collect"", ""value"": ""Does""}, ""User Type"": {""endIndexInSegment"": -1, ""startIndexInSegment"": -1, ""value"": ""Unspecified""}, ""Purpose"": {""endIndexInSegment"": -1, ""startIndexInSegment"": -1, ""value"": ""Unspecified""}}",5/28/15,http://legalterms.cbsinteractive.com/privacy
4863,test_category_labeling_highlight,84,3720,3,First Party Collection/Use,"{""Collection Mode"": {""endIndexInSegment"": -1, ""startIndexInSegment"": -1, ""value"": ""Unspecified""}, ""Choice Scope"": {""endIndexInSegment"": -1, ""startIndexInSegment"": -1, ""value"": ""Unspecified""}, ""Action First-Party"": {""endIndexInSegment"": -1, ""startIndexInSegment"": -1, ""value"": ""Unspecified""}, ""Personal Information Type"": {""endIndexInSegment"": 267, ""startIndexInSegment"": 232, ""selectedText"": ""browsing activities on the Services"", ""value"": ""User online activities""}, ""Choice Type"": {""endIndexInSegment"": -1, ""startIndexInSegment"": -1, ""value"": ""Unspecified""}, ""Identifiability"": {""endIndexInSegment"": -1, ""startIndexInSegment"": -1, ""value"": ""Unspecified""}, ""Does/Does Not"": {""endIndexInSegment"": 42, ""startIndexInSegment"": 35, ""selectedText"": ""collect"", ""value"": ""Does""}, ""User Type"": {""endIndexInSegment"": -1, ""startIndexInSegment"": -1, ""value"": ""Unspecified""}, ""Purpose"": {""endIndexInSegment"": -1, ""startIndexInSegment"": -1, ""value"": ""Unspecified""}}",5/28/15,http://legalterms.cbsinteractive.com/privacy
4864,test_category_labeling_highlight,84,3720,3,First Party Collection/Use,"{""Collection Mode"": {""endIndexInSegment"": -1, ""startIndexInSegment"": -1, ""value"": ""Unspecified""}, ""Choice Scope"": {""endIndexInSegment"": -1, ""startIndexInSegment"": -1, ""value"": ""Unspecified""}, ""Action First-Party"": {""endIndexInSegment"": -1, ""startIndexInSegment"": -1, ""value"": ""Unspecified""}, ""Personal Information Type"": {""endIndexInSegment"": 294, ""startIndexInSegment"": 287, ""selectedText"": ""cookies"", ""value"": ""Cookies and tracking elements""}, ""Choice Type"": {""endIndexInSegment"": -1, ""startIndexInSegment"": -1, ""value"": ""Unspecified""}, ""Identifiability"": {""endIndexInSegment"": -1, ""startIndexInSegment"": -1, ""value"": ""Unspecified""}, ""Does/Does Not"": {""endIndexInSegment"": 42, ""startIndexInSegment"": 35, ""selectedText"": ""collect"", ""value"": ""Does""}, ""User Type"": {""endIndexInSegment"": -1, ""startIndexInSegment"": -1, ""value"": ""Unspecified""}, ""Purpose"": {""endIndexInSegment"": -1, ""startIndexInSegment"": -1, ""value"": ""Unspecified""}}",5/28/15,http://legalterms.cbsinteractive.com/privacy
4865,test_category_labeling_highlight,84,3720,3,First Party Collection/Use,"{""Collection Mode"": {""endIndexInSegment"": -1, ""startIndexInSegment"": -1, ""value"": ""Unspecified""}, ""Choice Scope"": {""endIndexInSegment"": -1, ""startIndexInSegment"": -1, ""value"": ""Unspecified""}, ""Action First-Party"": {""endIndexInSegment"": 403, ""startIndexInSegment"": 385, ""selectedText"": ""from other sources"", ""value"": ""Receive from other service/third-party (named)""}, ""Personal Information Type"": {""endIndexInSegment"": 121, ""startIndexInSegment"": 110, ""selectedText"": ""Information"", ""value"": ""Unspecified""}, ""Choice Type"": {""endIndexInSegment"": -1, ""startIndexInSegment"": -1, ""value"": ""Unspecified""}, ""Identifiability"": {""endIndexInSegment"": -1, ""startIndexInSegment"": -1, ""value"": ""Unspecified""}, ""Does/Does Not"": {""endIndexInSegment"": 42, ""startIndexInSegment"": 35, ""selectedText"": ""collect"", ""value"": ""Does""}, ""User Type"": {""endIndexInSegment"": -1, ""startIndexInSegment"": -1, ""value"": ""Unspecified""}, ""Purpose"": {""endIndexInSegment"": -1, ""startIndexInSegment"": -1, ""value"": ""Unspecified""}}",5/28/15,http://legalterms.cbsinteractive.com/privacy
5909,test_category_labeling_highlight,88,3720,3,First Party Collection/Use,"{""Collection Mode"": {""endIndexInSegment"": 142, ""startIndexInSegment"": 32, ""selectedText"": ""We collect a variety of information about you, including: Information you provide directly"", ""value"": ""Explicit""}, ""Choice Scope"": {""endIndexInSegment"": -1, ""startIndexInSegment"": -1, ""value"": ""Unspecified""}, ""Action First-Party"": {""endIndexInSegment"": 42, ""startIndexInSegment"": 32, ""selectedText"": ""We collect"", ""value"": ""Collect on website""}, ""Personal Information Type"": {""endIndexInSegment"": -1, ""startIndexInSegment"": -1, ""value"": ""Unspecified""}, ""Choice Type"": {""endIndexInSegment"": -1, ""startIndexInSegment"": -1, ""value"": ""Unspecified""}, ""Identifiability"": {""endIndexInSegment"": -1, ""startIndexInSegment"": -1, ""value"": ""Unspecified""}, ""Does/Does Not"": {""endIndexInSegment"": 173, ""startIndexInSegment"": 110, ""selectedText"": ""Information you provide directly to a CBS Interactive Services."", ""value"": ""Does""}, ""User Type"": {""endIndexInSegment"": -1, ""startIndexInSegment"": -1, ""value"": ""Unspecified""}, ""Purpose"": {""endIndexInSegment"": -1, ""startIndexInSegment"": -1, ""value"": ""Unspecified""}}",5/28/15,http://legalterms.cbsinteractive.com/privacy
5910,test_category_labeling_highlight,88,3720,3,First Party Collection/Use,"{""Collection Mode"": {""endIndexInSegment"": 340, ""startIndexInSegment"": 196, ""selectedText"": ""Information about your computer and browsing activities on the Services, including through cookies, web beacons, and other similar technologies."", ""value"": ""Implicit""}, ""Choice Scope"": {""endIndexInSegment"": -1, ""startIndexInSegment"": -1, ""value"": ""Unspecified""}, ""Action First-Party"": {""endIndexInSegment"": 42, ""startIndexInSegment"": 32, ""selectedText"": ""We collect"", ""value"": ""Collect on website""}, ""Personal Information Type"": {""endIndexInSegment"": 251, ""startIndexInSegment"": 197, ""selectedText"": ""nformation about your computer and browsing activities"", ""value"": ""User online activities""}, ""Choice Type"": {""endIndexInSegment"": -1, ""startIndexInSegment"": -1, ""value"": ""Unspecified""}, ""Identifiability"": {""endIndexInSegment"": -1, ""startIndexInSegment"": -1, ""value"": ""Unspecified""}, ""Does/Does Not"": {""endIndexInSegment"": 340, ""startIndexInSegment"": 196, ""selectedText"": ""Information about your computer and browsing activities on the Services, including through cookies, web beacons, and other similar technologies."", ""value"": ""Does""}, ""User Type"": {""endIndexInSegment"": -1, ""startIndexInSegment"": -1, ""value"": ""Unspecified""}, ""Purpose"": {""endIndexInSegment"": -1, ""startIndexInSegment"": -1, ""value"": ""Unspecified""}}",5/28/15,http://legalterms.cbsinteractive.com/privacy
5911,test_category_labeling_highlight,88,3720,3,First Party Collection/Use,"{""Collection Mode"": {""endIndexInSegment"": 340, ""startIndexInSegment"": 196, ""selectedText"": ""Information about your computer and browsing activities on the Services, including through cookies, web beacons, and other similar technologies."", ""value"": ""Implicit""}, ""Choice Scope"": {""endIndexInSegment"": -1, ""startIndexInSegment"": -1, ""value"": ""Unspecified""}, ""Action First-Party"": {""endIndexInSegment"": 42, ""startIndexInSegment"": 32, ""selectedText"": ""We collect"", ""value"": ""Collect on website""}, ""Personal Information Type"": {""endIndexInSegment"": 340, ""startIndexInSegment"": 287, ""selectedText"": ""cookies, web beacons, and other similar technologies."", ""value"": ""Cookies and tracking elements""}, ""Choice Type"": {""endIndexInSegment"": -1, ""startIndexInSegment"": -1, ""value"": ""Unspecified""}, ""Identifiability"": {""endIndexInSegment"": -1, ""startIndexInSegment"": -1, ""value"": ""Unspecified""}, ""Does/Does Not"": {""endIndexInSegment"": 340, ""startIndexInSegment"": 196, ""selectedText"": ""Information about your computer and browsing activities on the Services, including through cookies, web beacons, and other similar technologies."", ""value"": ""Does""}, ""User Type"": {""endIndexInSegment"": -1, ""startIndexInSegment"": -1, ""value"": ""Unspecified""}, ""Purpose"": {""endIndexInSegment"": -1, ""startIndexInSegment"": -1, ""value"": ""Unspecified""}}",5/28/15,http://legalterms.cbsinteractive.com/privacy
5912,test_category_labeling_highlight,88,3720,3,First Party Collection/Use,"{""Collection Mode"": {""endIndexInSegment"": 427, ""startIndexInSegment"": 363, ""selectedText"": ""Information about you from other sources where permitted by law."", ""value"": ""Implicit""}, ""Choice Scope"": {""endIndexInSegment"": -1, ""startIndexInSegment"": -1, ""value"": ""Unspecified""}, ""Action First-Party"": {""endIndexInSegment"": 427, ""startIndexInSegment"": 363, ""selectedText"": ""Information about you from other sources where permitted by law."", ""value"": ""Receive from other service/third-party (unnamed)""}, ""Personal Information Type"": {""endIndexInSegment"": -1, ""startIndexInSegment"": -1, ""value"": ""Unspecified""}, ""Choice Type"": {""endIndexInSegment"": -1, ""startIndexInSegment"": -1, ""value"": ""Unspecified""}, ""Identifiability"": {""endIndexInSegment"": -1, ""startIndexInSegment"": -1, ""value"": ""Unspecified""}, ""Does/Does Not"": {""endIndexInSegment"": 427, ""startIndexInSegment"": 363, ""selectedText"": ""Information about you from other sources where permitted by law."", ""value"": ""Does""}, ""User Type"": {""endIndexInSegment"": -1, ""startIndexInSegment"": -1, ""value"": ""Unspecified""}, ""Purpose"": {""endIndexInSegment"": -1, ""startIndexInSegment"": -1, ""value"": ""Unspecified""}}",5/28/15,http://legalterms.cbsinteractive.com/privacy
6664,test_category_labeling_highlight,82,3720,3,First Party Collection/Use,"{""Collection Mode"": {""endIndexInSegment"": 144, ""startIndexInSegment"": 122, ""selectedText"": ""you provide directly t"", ""value"": ""Explicit""}, ""Choice Scope"": {""endIndexInSegment"": -1, ""startIndexInSegment"": -1, ""value"": ""Unspecified""}, ""Action First-Party"": {""endIndexInSegment"": -1, ""startIndexInSegment"": -1, ""value"": ""Unspecified""}, ""Personal Information Type"": {""endIndexInSegment"": -1, ""startIndexInSegment"": -1, ""value"": ""Unspecified""}, ""Choice Type"": {""endIndexInSegment"": -1, ""startIndexInSegment"": -1, ""value"": ""Unspecified""}, ""Identifiability"": {""endIndexInSegment"": -1, ""startIndexInSegment"": -1, ""value"": ""Unspecified""}, ""Does/Does Not"": {""endIndexInSegment"": -1, ""startIndexInSegment"": -1, ""value"": ""Does""}, ""User Type"": {""endIndexInSegment"": -1, ""startIndexInSegment"": -1, ""value"": ""Unspecified""}, ""Purpose"": {""endIndexInSegment"": 172, ""startIndexInSegment"": 148, ""selectedText"": ""CBS Interactive Services"", ""value"": ""Basic service/feature""}}",5/28/15,http://legalterms.cbsinteractive.com/privacy
6665,test_category_labeling_highlight,82,3720,3,First Party Collection/Use,"{""Collection Mode"": {""endIndexInSegment"": -1, ""startIndexInSegment"": -1, ""value"": ""Unspecified""}, ""Choice Scope"": {""endIndexInSegment"": -1, ""startIndexInSegment"": -1, ""value"": ""Unspecified""}, ""Action First-Party"": {""endIndexInSegment"": -1, ""startIndexInSegment"": -1, ""value"": ""Unspecified""}, ""Personal Information Type"": {""endIndexInSegment"": 339, ""startIndexInSegment"": 287, ""selectedText"": ""cookies, web beacons, and other similar technologies"", ""value"": ""Cookies and tracking elements""}, ""Choice Type"": {""endIndexInSegment"": -1, ""startIndexInSegment"": -1, ""value"": ""Unspecified""}, ""Identifiability"": {""endIndexInSegment"": -1, ""startIndexInSegment"": -1, ""value"": ""Unspecified""}, ""Does/Does Not"": {""endIndexInSegment"": -1, ""startIndexInSegment"": -1, ""value"": ""Does""}, ""User Type"": {""endIndexInSegment"": -1, ""startIndexInSegment"": -1, ""value"": ""Unspecified""}, ""Purpose"": {""endIndexInSegment"": -1, ""startIndexInSegment"": -1, ""value"": ""Unspecified""}}",5/28/15,http://legalterms.cbsinteractive.com/privacy
6666,test_category_labeling_highlight,82,3720,3,First Party Collection/Use,"{""Collection Mode"": {""endIndexInSegment"": -1, ""startIndexInSegment"": -1, ""value"": ""Unspecified""}, ""Choice Scope"": {""endIndexInSegment"": -1, ""startIndexInSegment"": -1, ""value"": ""Unspecified""}, ""Action First-Party"": {""endIndexInSegment"": -1, ""startIndexInSegment"": -1, ""value"": ""Unspecified""}, ""Personal Information Type"": {""endIndexInSegment"": 251, ""startIndexInSegment"": 219, ""selectedText"": ""computer and browsing activities"", ""value"": ""Computer information""}, ""Choice Type"": {""endIndexInSegment"": -1, ""startIndexInSegment"": -1, ""value"": ""Unspecified""}, ""Identifiability"": {""endIndexInSegment"": -1, ""startIndexInSegment"": -1, ""value"": ""Unspecified""}, ""Does/Does Not"": {""endIndexInSegment"": -1, ""startIndexInSegment"": -1, ""value"": ""Does""}, ""User Type"": {""endIndexInSegment"": -1, ""startIndexInSegment"": -1, ""value"": ""Unspecified""}, ""Purpose"": {""endIndexInSegment"": -1, ""startIndexInSegment"": -1, ""value"": ""Unspecified""}}",5/28/15,http://legalterms.cbsinteractive.com/privacy
6668,test_category_labeling_highlight,82,3720,3,First Party Collection/Use,"{""Collection Mode"": {""endIndexInSegment"": -1, ""startIndexInSegment"": -1, ""value"": ""Unspecified""}, ""Choice Scope"": {""endIndexInSegment"": -1, ""startIndexInSegment"": -1, ""value"": ""Unspecified""}, ""Action First-Party"": {""endIndexInSegment"": -1, ""startIndexInSegment"": -1, ""value"": ""Unspecified""}, ""Personal Information Type"": {""endIndexInSegment"": 217, ""startIndexInSegment"": 196, ""selectedText"": ""Information about you"", ""value"": ""Unspecified""}, ""Choice Type"": {""endIndexInSegment"": -1, ""startIndexInSegment"": -1, ""value"": ""Unspecified""}, ""Identifiability"": {""endIndexInSegment"": -1, ""startIndexInSegment"": -1, ""value"": ""Unspecified""}, ""Does/Does Not"": {""endIndexInSegment"": -1, ""startIndexInSegment"": -1, ""value"": ""Does""}, ""User Type"": {""endIndexInSegment"": -1, ""startIndexInSegment"": -1, ""value"": ""Unspecified""}, ""Purpose"": {""endIndexInSegment"": -1, ""startIndexInSegment"": -1, ""value"": ""Unspecified""}}",5/28/15,http://legalterms.cbsinteractive.com/privacy
4866,test_category_labeling_highlight,84,3720,4,First Party Collection/Use,"{""Collection Mode"": {""endIndexInSegment"": -1, ""startIndexInSegment"": -1, ""value"": ""Unspecified""}, ""Choice Scope"": {""endIndexInSegment"": -1, ""startIndexInSegment"": -1, ""value"": ""Unspecified""}, ""Action First-Party"": {""endIndexInSegment"": -1, ""startIndexInSegment"": -1, ""value"": ""Unspecified""}, ""Personal Information Type"": {""endIndexInSegment"": -1, ""startIndexInSegment"": -1, ""value"": ""Unspecified""}, ""Choice Type"": {""endIndexInSegment"": -1, ""startIndexInSegment"": -1, ""value"": ""Unspecified""}, ""Identifiability"": {""endIndexInSegment"": -1, ""startIndexInSegment"": -1, ""value"": ""Unspecified""}, ""Does/Does Not"": {""endIndexInSegment"": 35, ""startIndexInSegment"": 32, ""selectedText"": ""use"", ""value"": ""Does""}, ""User Type"": {""endIndexInSegment"": -1, ""startIndexInSegment"": -1, ""value"": ""Unspecified""}, ""Purpose"": {""endIndexInSegment"": 94, ""startIndexInSegment"": 87, ""selectedText"": ""Provide"", ""value"": ""Basic service/feature""}}",5/28/15,http://legalterms.cbsinteractive.com/privacy
4867,test_category_labeling_highlight,84,3720,4,First Party Collection/Use,"{""Collection Mode"": {""endIndexInSegment"": -1, ""startIndexInSegment"": -1, ""value"": ""Unspecified""}, ""Choice Scope"": {""endIndexInSegment"": -1, ""startIndexInSegment"": -1, ""value"": ""Unspecified""}, ""Action First-Party"": {""endIndexInSegment"": -1, ""startIndexInSegment"": -1, ""value"": ""Unspecified""}, ""Personal Information Type"": {""endIndexInSegment"": -1, ""startIndexInSegment"": -1, ""value"": ""Unspecified""}, ""Choice Type"": {""endIndexInSegment"": -1, ""startIndexInSegment"": -1, ""value"": ""Unspecified""}, ""Identifiability"": {""endIndexInSegment"": -1, ""startIndexInSegment"": -1, ""value"": ""Unspecified""}, ""Does/Does Not"": {""endIndexInSegment"": 35, ""startIndexInSegment"": 32, ""selectedText"": ""use"", ""value"": ""Does""}, ""User Type"": {""endIndexInSegment"": -1, ""startIndexInSegment"": -1, ""value"": ""Unspecified""}, ""Purpose"": {""endIndexInSegment"": 164, ""startIndexInSegment"": 158, ""selectedText"": ""offers"", ""value"": ""Marketing""}}",5/28/15,http://legalterms.cbsinteractive.com/privacy
4868,test_category_labeling_highlight,84,3720,4,First Party Collection/Use,"{""Collection Mode"": {""endIndexInSegment"": -1, ""startIndexInSegment"": -1, ""value"": ""Unspecified""}, ""Choice Scope"": {""endIndexInSegment"": -1, ""startIndexInSegment"": -1, ""value"": ""Unspecified""}, ""Action First-Party"": {""endIndexInSegment"": -1, ""startIndexInSegment"": -1, ""value"": ""Unspecified""}, ""Personal Information Type"": {""endIndexInSegment"": -1, ""startIndexInSegment"": -1, ""value"": ""Unspecified""}, ""Choice Type"": {""endIndexInSegment"": -1, ""startIndexInSegment"": -1, ""value"": ""Unspecified""}, ""Identifiability"": {""endIndexInSegment"": -1, ""startIndexInSegment"": -1, ""value"": ""Unspecified""}, ""Does/Does Not"": {""endIndexInSegment"": 35, ""startIndexInSegment"": 32, ""selectedText"": ""use"", ""value"": ""Does""}, ""User Type"": {""endIndexInSegment"": -1, ""startIndexInSegment"": -1, ""value"": ""Unspecified""}, ""Purpose"": {""endIndexInSegment"": 221, ""startIndexInSegment"": 212, ""selectedText"": ""Customize"", ""value"": ""Personalization/Customization""}}",5/28/15,http://legalterms.cbsinteractive.com/privacy
4869,test_category_labeling_highlight,84,3720,4,First Party Collection/Use,"{""Collection Mode"": {""endIndexInSegment"": -1, ""startIndexInSegment"": -1, ""value"": ""Unspecified""}, ""Choice Scope"": {""endIndexInSegment"": -1, ""startIndexInSegment"": -1, ""value"": ""Unspecified""}, ""Action First-Party"": {""endIndexInSegment"": -1, ""startIndexInSegment"": -1, ""value"": ""Unspecified""}, ""Personal Information Type"": {""endIndexInSegment"": -1, ""startIndexInSegment"": -1, ""value"": ""Unspecified""}, ""Choice Type"": {""endIndexInSegment"": -1, ""startIndexInSegment"": -1, ""value"": ""Unspecified""}, ""Identifiability"": {""endIndexInSegment"": -1, ""startIndexInSegment"": -1, ""value"": ""Unspecified""}, ""Does/Does Not"": {""endIndexInSegment"": 35, ""startIndexInSegment"": 32, ""selectedText"": ""use"", ""value"": ""Does""}, ""User Type"": {""endIndexInSegment"": -1, ""startIndexInSegment"": -1, ""value"": ""Unspecified""}, ""Purpose"": {""endIndexInSegment"": 249, ""startIndexInSegment"": 238, ""selectedText"": ""advertising"", ""value"": ""Advertising""}}",5/28/15,http://legalterms.cbsinteractive.com/privacy
4870,test_category_labeling_highlight,84,3720,4,First Party Collection/Use,"{""Collection Mode"": {""endIndexInSegment"": -1, ""startIndexInSegment"": -1, ""value"": ""Unspecified""}, ""Choice Scope"": {""endIndexInSegment"": -1, ""startIndexInSegment"": -1, ""value"": ""Unspecified""}, ""Action First-Party"": {""endIndexInSegment"": -1, ""startIndexInSegment"": -1, ""value"": ""Unspecified""}, ""Personal Information Type"": {""endIndexInSegment"": -1, ""startIndexInSegment"": -1, ""value"": ""Unspecified""}, ""Choice Type"": {""endIndexInSegment"": -1, ""startIndexInSegment"": -1, ""value"": ""Unspecified""}, ""Identifiability"": {""endIndexInSegment"": -1, ""startIndexInSegment"": -1, ""value"": ""Unspecified""}, ""Does/Does Not"": {""endIndexInSegment"": 35, ""startIndexInSegment"": 32, ""selectedText"": ""use"", ""value"": ""Does""}, ""User Type"": {""endIndexInSegment"": -1, ""startIndexInSegment"": -1, ""value"": ""Unspecified""}, ""Purpose"": {""endIndexInSegment"": 434, ""startIndexInSegment"": 356, ""selectedText"": ""As otherwise described to you at the point of collection or with your consent."", ""value"": ""Unspecified""}}",5/28/15,http://legalterms.cbsinteractive.com/privacy
5913,test_category_labeling_highlight,88,3720,4,First Party Collection/Use,"{""Collection Mode"": {""endIndexInSegment"": 120, ""startIndexInSegment"": 29, ""selectedText"": ""We use the information we collect to: Provide the services you request."", ""value"": ""Explicit""}, ""Choice Scope"": {""endIndexInSegment"": -1, ""startIndexInSegment"": -1, ""value"": ""Unspecified""}, ""Action First-Party"": {""endIndexInSegment"": 120, ""startIndexInSegment"": 29, ""selectedText"": ""We use the information we collect to: Provide the services you request."", ""value"": ""Collect on website""}, ""Personal Information Type"": {""endIndexInSegment"": -1, ""startIndexInSegment"": -1, ""value"": ""Unspecified""}, ""Choice Type"": {""endIndexInSegment"": -1, ""startIndexInSegment"": -1, ""value"": ""Unspecified""}, ""Identifiability"": {""endIndexInSegment"": -1, ""startIndexInSegment"": -1, ""value"": ""Unspecified""}, ""Does/Does Not"": {""endIndexInSegment"": 120, ""startIndexInSegment"": 29, ""selectedText"": ""We use the information we collect to: Provide the services you request."", ""value"": ""Does""}, ""User Type"": {""endIndexInSegment"": -1, ""startIndexInSegment"": -1, ""value"": ""Unspecified""}, ""Purpose"": {""endIndexInSegment"": 118, ""startIndexInSegment"": 87, ""selectedText"": ""Provide the services you reques"", ""value"": ""Basic service/feature""}}",5/28/15,http://legalterms.cbsinteractive.com/privacy
5914,test_category_labeling_highlight,88,3720,4,First Party Collection/Use,"{""Collection Mode"": {""endIndexInSegment"": 66, ""startIndexInSegment"": 29, ""selectedText"": ""We use the information we collect to:"", ""value"": ""Unspecified""}, ""Choice Scope"": {""endIndexInSegment"": -1, ""startIndexInSegment"": -1, ""value"": ""Unspecified""}, ""Action First-Party"": {""endIndexInSegment"": 66, ""startIndexInSegment"": 29, ""selectedText"": ""We use the information we collect to:"", ""value"": ""Collect on website""}, ""Personal Information Type"": {""endIndexInSegment"": -1, ""startIndexInSegment"": -1, ""value"": ""Unspecified""}, ""Choice Type"": {""endIndexInSegment"": -1, ""startIndexInSegment"": -1, ""value"": ""Unspecified""}, ""Identifiability"": {""endIndexInSegment"": 189, ""startIndexInSegment"": 143, ""selectedText"": ""Tell you about offers we think you will value."", ""value"": ""Identifiable""}, ""Does/Does Not"": {""endIndexInSegment"": 189, ""startIndexInSegment"": 143, ""selectedText"": ""Tell you about offers we think you will value."", ""value"": ""Does""}, ""User Type"": {""endIndexInSegment"": -1, ""startIndexInSegment"": -1, ""value"": ""Unspecified""}, ""Purpose"": {""endIndexInSegment"": 189, ""startIndexInSegment"": 143, ""selectedText"": ""Tell you about offers we think you will value."", ""value"": ""Marketing""}}",5/28/15,http://legalterms.cbsinteractive.com/privacy
5915,test_category_labeling_highlight,88,3720,4,First Party Collection/Use,"{""Collection Mode"": {""endIndexInSegment"": 66, ""startIndexInSegment"": 29, ""selectedText"": ""We use the information we collect to:"", ""value"": ""Unspecified""}, ""Choice Scope"": {""endIndexInSegment"": -1, ""startIndexInSegment"": -1, ""value"": ""Unspecified""}, ""Action First-Party"": {""endIndexInSegment"": 66, ""startIndexInSegment"": 29, ""selectedText"": ""We use the information we collect to:"", ""value"": ""Collect on website""}, ""Personal Information Type"": {""endIndexInSegment"": -1, ""startIndexInSegment"": -1, ""value"": ""Unspecified""}, ""Choice Type"": {""endIndexInSegment"": -1, ""startIndexInSegment"": -1, ""value"": ""Unspecified""}, ""Identifiability"": {""endIndexInSegment"": 189, ""startIndexInSegment"": 143, ""selectedText"": ""Tell you about offers we think you will value."", ""value"": ""Identifiable""}, ""Does/Does Not"": {""endIndexInSegment"": 189, ""startIndexInSegment"": 143, ""selectedText"": ""Tell you about offers we think you will value."", ""value"": ""Does""}, ""User Type"": {""endIndexInSegment"": -1, ""startIndexInSegment"": -1, ""value"": ""Unspecified""}, ""Purpose"": {""endIndexInSegment"": 258, ""startIndexInSegment"": 212, ""selectedText"": ""Customize the content and advertising you see."", ""value"": ""Advertising""}}",5/28/15,http://legalterms.cbsinteractive.com/privacy
6669,test_category_labeling_highlight,82,3720,4,First Party Collection/Use,"{""Collection Mode"": {""endIndexInSegment"": -1, ""startIndexInSegment"": -1, ""value"": ""Unspecified""}, ""Choice Scope"": {""endIndexInSegment"": -1, ""startIndexInSegment"": -1, ""value"": ""Unspecified""}, ""Action First-Party"": {""endIndexInSegment"": -1, ""startIndexInSegment"": -1, ""value"": ""Unspecified""}, ""Personal Information Type"": {""endIndexInSegment"": -1, ""startIndexInSegment"": -1, ""value"": ""Unspecified""}, ""Choice Type"": {""endIndexInSegment"": -1, ""startIndexInSegment"": -1, ""value"": ""Unspecified""}, ""Identifiability"": {""endIndexInSegment"": -1, ""startIndexInSegment"": -1, ""value"": ""Unspecified""}, ""Does/Does Not"": {""endIndexInSegment"": -1, ""startIndexInSegment"": -1, ""value"": ""Does""}, ""User Type"": {""endIndexInSegment"": -1, ""startIndexInSegment"": -1, ""value"": ""Unspecified""}, ""Purpose"": {""endIndexInSegment"": 119, ""startIndexInSegment"": 87, ""selectedText"": ""Provide the services you request"", ""value"": ""Basic service/feature""}}",5/28/15,http://legalterms.cbsinteractive.com/privacy
6670,test_category_labeling_highlight,82,3720,4,First Party Collection/Use,"{""Collection Mode"": {""endIndexInSegment"": -1, ""startIndexInSegment"": -1, ""value"": ""Unspecified""}, ""Choice Scope"": {""endIndexInSegment"": -1, ""startIndexInSegment"": -1, ""value"": ""Unspecified""}, ""Action First-Party"": {""endIndexInSegment"": -1, ""startIndexInSegment"": -1, ""value"": ""Unspecified""}, ""Personal Information Type"": {""endIndexInSegment"": -1, ""startIndexInSegment"": -1, ""value"": ""Unspecified""}, ""Choice Type"": {""endIndexInSegment"": -1, ""startIndexInSegment"": -1, ""value"": ""Unspecified""}, ""Identifiability"": {""endIndexInSegment"": -1, ""startIndexInSegment"": -1, ""value"": ""Unspecified""}, ""Does/Does Not"": {""endIndexInSegment"": -1, ""startIndexInSegment"": -1, ""value"": ""Does""}, ""User Type"": {""endIndexInSegment"": -1, ""startIndexInSegment"": -1, ""value"": ""Unspecified""}, ""Purpose"": {""endIndexInSegment"": 189, ""startIndexInSegment"": 143, ""selectedText"": ""Tell you about offers we think you will value."", ""value"": ""Marketing""}}",5/28/15,http://legalterms.cbsinteractive.com/privacy
6671,test_category_labeling_highlight,82,3720,4,First Party Collection/Use,"{""Collection Mode"": {""endIndexInSegment"": -1, ""startIndexInSegment"": -1, ""value"": ""Unspecified""}, ""Choice Scope"": {""endIndexInSegment"": -1, ""startIndexInSegment"": -1, ""value"": ""Unspecified""}, ""Action First-Party"": {""endIndexInSegment"": -1, ""startIndexInSegment"": -1, ""value"": ""Unspecified""}, ""Personal Information Type"": {""endIndexInSegment"": -1, ""startIndexInSegment"": -1, ""value"": ""Unspecified""}, ""Choice Type"": {""endIndexInSegment"": -1, ""startIndexInSegment"": -1, ""value"": ""Unspecified""}, ""Identifiability"": {""endIndexInSegment"": -1, ""startIndexInSegment"": -1, ""value"": ""Unspecified""}, ""Does/Does Not"": {""endIndexInSegment"": -1, ""startIndexInSegment"": -1, ""value"": ""Does""}, ""User Type"": {""endIndexInSegment"": -1, ""startIndexInSegment"": -1, ""value"": ""Unspecified""}, ""Purpose"": {""endIndexInSegment"": 232, ""startIndexInSegment"": 212, ""selectedText"": ""Customize the conten"", ""value"": ""Personalization/Customization""}}",5/28/15,http://legalterms.cbsinteractive.com/privacy
6672,test_category_labeling_highlight,82,3720,4,First Party Collection/Use,"{""Collection Mode"": {""endIndexInSegment"": -1, ""startIndexInSegment"": -1, ""value"": ""Unspecified""}, ""Choice Scope"": {""endIndexInSegment"": -1, ""startIndexInSegment"": -1, ""value"": ""Unspecified""}, ""Action First-Party"": {""endIndexInSegment"": -1, ""startIndexInSegment"": -1, ""value"": ""Unspecified""}, ""Personal Information Type"": {""endIndexInSegment"": -1, ""startIndexInSegment"": -1, ""value"": ""Unspecified""}, ""Choice Type"": {""endIndexInSegment"": -1, ""startIndexInSegment"": -1, ""value"": ""Unspecified""}, ""Identifiability"": {""endIndexInSegment"": -1, ""startIndexInSegment"": -1, ""value"": ""Unspecified""}, ""Does/Does Not"": {""endIndexInSegment"": -1, ""startIndexInSegment"": -1, ""value"": ""Does""}, ""User Type"": {""endIndexInSegment"": -1, ""startIndexInSegment"": -1, ""value"": ""Unspecified""}, ""Purpose"": {""endIndexInSegment"": 258, ""startIndexInSegment"": 238, ""selectedText"": ""advertising you see."", ""value"": ""Advertising""}}",5/28/15,http://legalterms.cbsinteractive.com/privacy
6673,test_category_labeling_highlight,82,3720,4,First Party Collection/Use,"{""Collection Mode"": {""endIndexInSegment"": -1, ""startIndexInSegment"": -1, ""value"": ""Unspecified""}, ""Choice Scope"": {""endIndexInSegment"": -1, ""startIndexInSegment"": -1, ""value"": ""Unspecified""}, ""Action First-Party"": {""endIndexInSegment"": -1, ""startIndexInSegment"": -1, ""value"": ""Unspecified""}, ""Personal Information Type"": {""endIndexInSegment"": -1, ""startIndexInSegment"": -1, ""value"": ""Unspecified""}, ""Choice Type"": {""endIndexInSegment"": -1, ""startIndexInSegment"": -1, ""value"": ""Unspecified""}, ""Identifiability"": {""endIndexInSegment"": -1, ""startIndexInSegment"": -1, ""value"": ""Unspecified""}, ""Does/Does Not"": {""endIndexInSegment"": -1, ""startIndexInSegment"": -1, ""value"": ""Does""}, ""User Type"": {""endIndexInSegment"": -1, ""startIndexInSegment"": -1, ""value"": ""Unspecified""}, ""Purpose"": {""endIndexInSegment"": 332, ""startIndexInSegment"": 281, ""selectedText"": ""Improve your experience on CBS Interactive Services"", ""value"": ""Analytics/Research""}}",5/28/15,http://legalterms.cbsinteractive.com/privacy
4871,test_category_labeling_highlight,84,3720,5,Third Party Sharing/Collection,"{""Third Party Entity"": {""endIndexInSegment"": -1, ""startIndexInSegment"": -1, ""value"": ""Unspecified""}, ""Choice Scope"": {""endIndexInSegment"": -1, ""startIndexInSegment"": -1, ""value"": ""Unspecified""}, ""Purpose"": {""endIndexInSegment"": -1, ""startIndexInSegment"": -1, ""value"": ""Unspecified""}, ""Personal Information Type"": {""endIndexInSegment"": -1, ""startIndexInSegment"": -1, ""value"": ""Unspecified""}, ""Choice Type"": {""endIndexInSegment"": 122, ""startIndexInSegment"": 110, ""selectedText"": ""your consent"", ""value"": ""Opt-in""}, ""Identifiability"": {""endIndexInSegment"": -1, ""startIndexInSegment"": -1, ""value"": ""Unspecified""}, ""Does/Does Not"": {""endIndexInSegment"": 42, ""startIndexInSegment"": 39, ""selectedText"": ""may"", ""value"": ""Does""}, ""User Type"": {""endIndexInSegment"": -1, ""startIndexInSegment"": -1, ""value"": ""Unspecified""}, ""Action Third Party"": {""endIndexInSegment"": 48, ""startIndexInSegment"": 43, ""selectedText"": ""share"", ""value"": ""Receive/Shared with""}}",5/28/15,http://legalterms.cbsinteractive.com/privacy
4872,test_category_labeling_highlight,84,3720,5,Third Party Sharing/Collection,"{""Third Party Entity"": {""endIndexInSegment"": 226, ""startIndexInSegment"": 134, ""selectedText"": ""with video content and social networking services as described in our Video Services Policy."", ""value"": ""Named third party""}, ""Choice Scope"": {""endIndexInSegment"": -1, ""startIndexInSegment"": -1, ""value"": ""Unspecified""}, ""Purpose"": {""endIndexInSegment"": -1, ""startIndexInSegment"": -1, ""value"": ""Unspecified""}, ""Personal Information Type"": {""endIndexInSegment"": -1, ""startIndexInSegment"": -1, ""value"": ""Unspecified""}, ""Choice Type"": {""endIndexInSegment"": 122, ""startIndexInSegment"": 110, ""selectedText"": ""your consent"", ""value"": ""Opt-in""}, ""Identifiability"": {""endIndexInSegment"": -1, ""startIndexInSegment"": -1, ""value"": ""Unspecified""}, ""Does/Does Not"": {""endIndexInSegment"": 42, ""startIndexInSegment"": 39, ""selectedText"": ""may"", ""value"": ""Does""}, ""User Type"": {""endIndexInSegment"": -1, ""startIndexInSegment"": -1, ""value"": ""Unspecified""}, ""Action Third Party"": {""endIndexInSegment"": 48, ""startIndexInSegment"": 43, ""selectedText"": ""share"", ""value"": ""Receive/Shared with""}}",5/28/15,http://legalterms.cbsinteractive.com/privacy
4873,test_category_labeling_highlight,84,3720,5,Third Party Sharing/Collection,"{""Third Party Entity"": {""endIndexInSegment"": 226, ""startIndexInSegment"": 134, ""selectedText"": ""with video content and social networking services as described in our Video Services Policy."", ""value"": ""Named third party""}, ""Choice Scope"": {""endIndexInSegment"": -1, ""startIndexInSegment"": -1, ""value"": ""Unspecified""}, ""Purpose"": {""endIndexInSegment"": -1, ""startIndexInSegment"": -1, ""value"": ""Unspecified""}, ""Personal Information Type"": {""endIndexInSegment"": -1, ""startIndexInSegment"": -1, ""value"": ""Unspecified""}, ""Choice Type"": {""endIndexInSegment"": -1, ""startIndexInSegment"": -1, ""value"": ""Unspecified""}, ""Identifiability"": {""endIndexInSegment"": -1, ""startIndexInSegment"": -1, ""value"": ""Unspecified""}, ""Does/Does Not"": {""endIndexInSegment"": 42, ""startIndexInSegment"": 39, ""selectedText"": ""may"", ""value"": ""Does""}, ""User Type"": {""endIndexInSegment"": -1, ""startIndexInSegment"": -1, ""value"": ""Unspecified""}, ""Action Third Party"": {""endIndexInSegment"": 48, ""startIndexInSegment"": 43, ""selectedText"": ""share"", ""value"": ""Receive/Shared with""}}",5/28/15,http://legalterms.cbsinteractive.com/privacy
4874,test_category_labeling_highlight,84,3720,5,Third Party Sharing/Collection,"{""Third Party Entity"": {""endIndexInSegment"": 226, ""startIndexInSegment"": 134, ""selectedText"": ""with video content and social networking services as described in our Video Services Policy."", ""value"": ""Named third party""}, ""Choice Scope"": {""endIndexInSegment"": -1, ""startIndexInSegment"": -1, ""value"": ""Unspecified""}, ""Purpose"": {""endIndexInSegment"": 457, ""startIndexInSegment"": 348, ""selectedText"": ""sweepstakes, contest, or promotion; or who jointly offer a service or feature with a CBS Interactive Service."", ""value"": ""Additional service/feature""}, ""Personal Information Type"": {""endIndexInSegment"": -1, ""startIndexInSegment"": -1, ""value"": ""Unspecified""}, ""Choice Type"": {""endIndexInSegment"": -1, ""startIndexInSegment"": -1, ""value"": ""Unspecified""}, ""Identifiability"": {""endIndexInSegment"": -1, ""startIndexInSegment"": -1, ""value"": ""Unspecified""}, ""Does/Does Not"": {""endIndexInSegment"": 42, ""startIndexInSegment"": 39, ""selectedText"": ""may"", ""value"": ""Does""}, ""User Type"": {""endIndexInSegment"": -1, ""startIndexInSegment"": -1, ""value"": ""Unspecified""}, ""Action Third Party"": {""endIndexInSegment"": 48, ""startIndexInSegment"": 43, ""selectedText"": ""share"", ""value"": ""Receive/Shared with""}}",5/28/15,http://legalterms.cbsinteractive.com/privacy
4875,test_category_labeling_highlight,84,3720,5,Third Party Sharing/Collection,"{""Third Party Entity"": {""endIndexInSegment"": 551, ""startIndexInSegment"": 480, ""selectedText"": ""Within the family of CBS Interactive Services and other CBS businesses."", ""value"": ""Other part of company/affiliate""}, ""Choice Scope"": {""endIndexInSegment"": -1, ""startIndexInSegment"": -1, ""value"": ""Unspecified""}, ""Purpose"": {""endIndexInSegment"": 457, ""startIndexInSegment"": 348, ""selectedText"": ""sweepstakes, contest, or promotion; or who jointly offer a service or feature with a CBS Interactive Service."", ""value"": ""Additional service/feature""}, ""Personal Information Type"": {""endIndexInSegment"": -1, ""startIndexInSegment"": -1, ""value"": ""Unspecified""}, ""Choice Type"": {""endIndexInSegment"": -1, ""startIndexInSegment"": -1, ""value"": ""Unspecified""}, ""Identifiability"": {""endIndexInSegment"": -1, ""startIndexInSegment"": -1, ""value"": ""Unspecified""}, ""Does/Does Not"": {""endIndexInSegment"": 42, ""startIndexInSegment"": 39, ""selectedText"": ""may"", ""value"": ""Does""}, ""User Type"": {""endIndexInSegment"": -1, ""startIndexInSegment"": -1, ""value"": ""Unspecified""}, ""Action Third Party"": {""endIndexInSegment"": 48, ""startIndexInSegment"": 43, ""selectedText"": ""share"", ""value"": ""Receive/Shared with""}}",5/28/15,http://legalterms.cbsinteractive.com/privacy
4876,test_category_labeling_highlight,84,3720,5,Third Party Sharing/Collection,"{""Third Party Entity"": {""endIndexInSegment"": -1, ""startIndexInSegment"": -1, ""value"": ""Unspecified""}, ""Choice Scope"": {""endIndexInSegment"": -1, ""startIndexInSegment"": -1, ""value"": ""Unspecified""}, ""Purpose"": {""endIndexInSegment"": 631, ""startIndexInSegment"": 574, ""selectedText"": ""If a CBS Interactive Services is sold to another company."", ""value"": ""Merger/Acquisition""}, ""Personal Information Type"": {""endIndexInSegment"": -1, ""startIndexInSegment"": -1, ""value"": ""Unspecified""}, ""Choice Type"": {""endIndexInSegment"": -1, ""startIndexInSegment"": -1, ""value"": ""Unspecified""}, ""Identifiability"": {""endIndexInSegment"": -1, ""startIndexInSegment"": -1, ""value"": ""Unspecified""}, ""Does/Does Not"": {""endIndexInSegment"": 42, ""startIndexInSegment"": 39, ""selectedText"": ""may"", ""value"": ""Does""}, ""User Type"": {""endIndexInSegment"": -1, ""startIndexInSegment"": -1, ""value"": ""Unspecified""}, ""Action Third Party"": {""endIndexInSegment"": 48, ""startIndexInSegment"": 43, ""selectedText"": ""share"", ""value"": ""Receive/Shared with""}}",5/28/15,http://legalterms.cbsinteractive.com/privacy
4877,test_category_labeling_highlight,84,3720,5,Third Party Sharing/Collection,"{""Third Party Entity"": {""endIndexInSegment"": -1, ""startIndexInSegment"": -1, ""value"": ""Unspecified""}, ""Choice Scope"": {""endIndexInSegment"": -1, ""startIndexInSegment"": -1, ""value"": ""Unspecified""}, ""Purpose"": {""endIndexInSegment"": 718, ""startIndexInSegment"": 654, ""selectedText"": ""To protect or defend the rights of CBS Interactive or our users."", ""value"": ""Service operation and security""}, ""Personal Information Type"": {""endIndexInSegment"": -1, ""startIndexInSegment"": -1, ""value"": ""Unspecified""}, ""Choice Type"": {""endIndexInSegment"": -1, ""startIndexInSegment"": -1, ""value"": ""Unspecified""}, ""Identifiability"": {""endIndexInSegment"": -1, ""startIndexInSegment"": -1, ""value"": ""Unspecified""}, ""Does/Does Not"": {""endIndexInSegment"": 42, ""startIndexInSegment"": 39, ""selectedText"": ""may"", ""value"": ""Does""}, ""User Type"": {""endIndexInSegment"": -1, ""startIndexInSegment"": -1, ""value"": ""Unspecified""}, ""Action Third Party"": {""endIndexInSegment"": 48, ""startIndexInSegment"": 43, ""selectedText"": ""share"", ""value"": ""Receive/Shared with""}}",5/28/15,http://legalterms.cbsinteractive.com/privacy
4878,test_category_labeling_highlight,84,3720,5,Third Party Sharing/Collection,"{""Third Party Entity"": {""endIndexInSegment"": -1, ""startIndexInSegment"": -1, ""value"": ""Unspecified""}, ""Choice Scope"": {""endIndexInSegment"": -1, ""startIndexInSegment"": -1, ""value"": ""Unspecified""}, ""Purpose"": {""endIndexInSegment"": 784, ""startIndexInSegment"": 741, ""selectedText"": ""When required by law or public authorities."", ""value"": ""Legal requirement""}, ""Personal Information Type"": {""endIndexInSegment"": -1, ""startIndexInSegment"": -1, ""value"": ""Unspecified""}, ""Choice Type"": {""endIndexInSegment"": -1, ""startIndexInSegment"": -1, ""value"": ""Unspecified""}, ""Identifiability"": {""endIndexInSegment"": -1, ""startIndexInSegment"": -1, ""value"": ""Unspecified""}, ""Does/Does Not"": {""endIndexInSegment"": 42, ""startIndexInSegment"": 39, ""selectedText"": ""may"", ""value"": ""Does""}, ""User Type"": {""endIndexInSegment"": -1, ""startIndexInSegment"": -1, ""value"": ""Unspecified""}, ""Action Third Party"": {""endIndexInSegment"": 48, ""startIndexInSegment"": 43, ""selectedText"": ""share"", ""value"": ""Receive/Shared with""}}",5/28/15,http://legalterms.cbsinteractive.com/privacy
5921,test_category_labeling_highlight,88,3720,5,Third Party Sharing/Collection,"{""Third Party Entity"": {""endIndexInSegment"": 226, ""startIndexInSegment"": 36, ""selectedText"": ""We may share your information: Where we have obtained your consent, including with video content and social networking services as described in our Video Services Policy."", ""value"": ""Unnamed third party""}, ""Choice Scope"": {""endIndexInSegment"": -1, ""startIndexInSegment"": -1, ""value"": ""Unspecified""}, ""Purpose"": {""endIndexInSegment"": -1, ""startIndexInSegment"": -1, ""value"": ""Unspecified""}, ""Personal Information Type"": {""endIndexInSegment"": -1, ""startIndexInSegment"": -1, ""value"": ""Unspecified""}, ""Choice Type"": {""endIndexInSegment"": 122, ""startIndexInSegment"": 87, ""selectedText"": ""Where we have obtained your consent"", ""value"": ""Opt-in""}, ""Identifiability"": {""endIndexInSegment"": -1, ""startIndexInSegment"": -1, ""value"": ""Unspecified""}, ""Does/Does Not"": {""endIndexInSegment"": 226, ""startIndexInSegment"": 36, ""selectedText"": ""We may share your information: Where we have obtained your consent, including with video content and social networking services as described in our Video Services Policy."", ""value"": ""Does""}, ""User Type"": {""endIndexInSegment"": -1, ""startIndexInSegment"": -1, ""value"": ""Unspecified""}, ""Action Third Party"": {""endIndexInSegment"": 226, ""startIndexInSegment"": 36, ""selectedText"": ""We may share your information: Where we have obtained your consent, including with video content and social networking services as described in our Video Services Policy."", ""value"": ""Receive/Shared with""}}",5/28/15,http://legalterms.cbsinteractive.com/privacy
5922,test_category_labeling_highlight,88,3720,5,Third Party Sharing/Collection,"{""Third Party Entity"": {""endIndexInSegment"": 287, ""startIndexInSegment"": 249, ""selectedText"": ""With our third party service providers"", ""value"": ""Unnamed third party""}, ""Choice Scope"": {""endIndexInSegment"": -1, ""startIndexInSegment"": -1, ""value"": ""Unspecified""}, ""Purpose"": {""endIndexInSegment"": -1, ""startIndexInSegment"": -1, ""value"": ""Unspecified""}, ""Personal Information Type"": {""endIndexInSegment"": -1, ""startIndexInSegment"": -1, ""value"": ""Unspecified""}, ""Choice Type"": {""endIndexInSegment"": -1, ""startIndexInSegment"": -1, ""value"": ""Unspecified""}, ""Identifiability"": {""endIndexInSegment"": -1, ""startIndexInSegment"": -1, ""value"": ""Unspecified""}, ""Does/Does Not"": {""endIndexInSegment"": 287, ""startIndexInSegment"": 249, ""selectedText"": ""With our third party service providers"", ""value"": ""Does""}, ""User Type"": {""endIndexInSegment"": -1, ""startIndexInSegment"": -1, ""value"": ""Unspecified""}, ""Action Third Party"": {""endIndexInSegment"": 65, ""startIndexInSegment"": 36, ""selectedText"": ""We may share your information"", ""value"": ""Receive/Shared with""}}",5/28/15,http://legalterms.cbsinteractive.com/privacy
5923,test_category_labeling_highlight,88,3720,5,Third Party Sharing/Collection,"{""Third Party Entity"": {""endIndexInSegment"": 551, ""startIndexInSegment"": 311, ""selectedText"": ""With business partners who sponsor a sweepstakes, contest, or promotion; or who jointly offer a service or feature with a CBS Interactive Service. Within the family of CBS Interactive Services and other CBS businesses."", ""value"": ""Other part of company/affiliate""}, ""Choice Scope"": {""endIndexInSegment"": -1, ""startIndexInSegment"": -1, ""value"": ""Unspecified""}, ""Purpose"": {""endIndexInSegment"": 368, ""startIndexInSegment"": 334, ""selectedText"": ""who sponsor a sweepstakes, contest"", ""value"": ""Additional service/feature""}, ""Personal Information Type"": {""endIndexInSegment"": -1, ""startIndexInSegment"": -1, ""value"": ""Unspecified""}, ""Choice Type"": {""endIndexInSegment"": -1, ""startIndexInSegment"": -1, ""value"": ""Unspecified""}, ""Identifiability"": {""endIndexInSegment"": -1, ""startIndexInSegment"": -1, ""value"": ""Unspecified""}, ""Does/Does Not"": {""endIndexInSegment"": 551, ""startIndexInSegment"": 311, ""selectedText"": ""With business partners who sponsor a sweepstakes, contest, or promotion; or who jointly offer a service or feature with a CBS Interactive Service. Within the family of CBS Interactive Services and other CBS businesses."", ""value"": ""Does""}, ""User Type"": {""endIndexInSegment"": -1, ""startIndexInSegment"": -1, ""value"": ""Unspecified""}, ""Action Third Party"": {""endIndexInSegment"": 66, ""startIndexInSegment"": 36, ""selectedText"": ""We may share your information:"", ""value"": ""Receive/Shared with""}}",5/28/15,http://legalterms.cbsinteractive.com/privacy
5924,test_category_labeling_highlight,88,3720,5,Third Party Sharing/Collection,"{""Third Party Entity"": {""endIndexInSegment"": 551, ""startIndexInSegment"": 311, ""selectedText"": ""With business partners who sponsor a sweepstakes, contest, or promotion; or who jointly offer a service or feature with a CBS Interactive Service. Within the family of CBS Interactive Services and other CBS businesses."", ""value"": ""Other part of company/affiliate""}, ""Choice Scope"": {""endIndexInSegment"": -1, ""startIndexInSegment"": -1, ""value"": ""Unspecified""}, ""Purpose"": {""endIndexInSegment"": 382, ""startIndexInSegment"": 373, ""selectedText"": ""promotion"", ""value"": ""Marketing""}, ""Personal Information Type"": {""endIndexInSegment"": -1, ""startIndexInSegment"": -1, ""value"": ""Unspecified""}, ""Choice Type"": {""endIndexInSegment"": -1, ""startIndexInSegment"": -1, ""value"": ""Unspecified""}, ""Identifiability"": {""endIndexInSegment"": -1, ""startIndexInSegment"": -1, ""value"": ""Unspecified""}, ""Does/Does Not"": {""endIndexInSegment"": 551, ""startIndexInSegment"": 311, ""selectedText"": ""With business partners who sponsor a sweepstakes, contest, or promotion; or who jointly offer a service or feature with a CBS Interactive Service. Within the family of CBS Interactive Services and other CBS businesses."", ""value"": ""Does""}, ""User Type"": {""endIndexInSegment"": -1, ""startIndexInSegment"": -1, ""value"": ""Unspecified""}, ""Action Third Party"": {""endIndexInSegment"": 66, ""startIndexInSegment"": 36, ""selectedText"": ""We may share your information:"", ""value"": ""Receive/Shared with""}}",5/28/15,http://legalterms.cbsinteractive.com/privacy
5925,test_category_labeling_highlight,88,3720,5,Third Party Sharing/Collection,"{""Third Party Entity"": {""endIndexInSegment"": 551, ""startIndexInSegment"": 311, ""selectedText"": ""With business partners who sponsor a sweepstakes, contest, or promotion; or who jointly offer a service or feature with a CBS Interactive Service. Within the family of CBS Interactive Services and other CBS businesses."", ""value"": ""Other part of company/affiliate""}, ""Choice Scope"": {""endIndexInSegment"": -1, ""startIndexInSegment"": -1, ""value"": ""Unspecified""}, ""Purpose"": {""endIndexInSegment"": 457, ""startIndexInSegment"": 387, ""selectedText"": ""who jointly offer a service or feature with a CBS Interactive Service."", ""value"": ""Basic service/feature""}, ""Personal Information Type"": {""endIndexInSegment"": -1, ""startIndexInSegment"": -1, ""value"": ""Unspecified""}, ""Choice Type"": {""endIndexInSegment"": -1, ""startIndexInSegment"": -1, ""value"": ""Unspecified""}, ""Identifiability"": {""endIndexInSegment"": -1, ""startIndexInSegment"": -1, ""value"": ""Unspecified""}, ""Does/Does Not"": {""endIndexInSegment"": 551, ""startIndexInSegment"": 311, ""selectedText"": ""With business partners who sponsor a sweepstakes, contest, or promotion; or who jointly offer a service or feature with a CBS Interactive Service. Within the family of CBS Interactive Services and other CBS businesses."", ""value"": ""Does""}, ""User Type"": {""endIndexInSegment"": -1, ""startIndexInSegment"": -1, ""value"": ""Unspecified""}, ""Action Third Party"": {""endIndexInSegment"": 66, ""startIndexInSegment"": 36, ""selectedText"": ""We may share your information:"", ""value"": ""Receive/Shared with""}}",5/28/15,http://legalterms.cbsinteractive.com/privacy
5926,test_category_labeling_highlight,88,3720,5,Third Party Sharing/Collection,"{""Third Party Entity"": {""endIndexInSegment"": 630, ""startIndexInSegment"": 574, ""selectedText"": ""If a CBS Interactive Services is sold to another company"", ""value"": ""Unnamed third party""}, ""Choice Scope"": {""endIndexInSegment"": -1, ""startIndexInSegment"": -1, ""value"": ""Unspecified""}, ""Purpose"": {""endIndexInSegment"": 630, ""startIndexInSegment"": 577, ""selectedText"": ""a CBS Interactive Services is sold to another company"", ""value"": ""Merger/Acquisition""}, ""Personal Information Type"": {""endIndexInSegment"": -1, ""startIndexInSegment"": -1, ""value"": ""Unspecified""}, ""Choice Type"": {""endIndexInSegment"": -1, ""startIndexInSegment"": -1, ""value"": ""Unspecified""}, ""Identifiability"": {""endIndexInSegment"": -1, ""startIndexInSegment"": -1, ""value"": ""Unspecified""}, ""Does/Does Not"": {""endIndexInSegment"": 630, ""startIndexInSegment"": 574, ""selectedText"": ""If a CBS Interactive Services is sold to another company"", ""value"": ""Does""}, ""User Type"": {""endIndexInSegment"": -1, ""startIndexInSegment"": -1, ""value"": ""Unspecified""}, ""Action Third Party"": {""endIndexInSegment"": 65, ""startIndexInSegment"": 36, ""selectedText"": ""We may share your information"", ""value"": ""Receive/Shared with""}}",5/28/15,http://legalterms.cbsinteractive.com/privacy
5927,test_category_labeling_highlight,88,3720,5,Third Party Sharing/Collection,"{""Third Party Entity"": {""endIndexInSegment"": 717, ""startIndexInSegment"": 654, ""selectedText"": ""To protect or defend the rights of CBS Interactive or our users"", ""value"": ""Unnamed third party""}, ""Choice Scope"": {""endIndexInSegment"": -1, ""startIndexInSegment"": -1, ""value"": ""Unspecified""}, ""Purpose"": {""endIndexInSegment"": 717, ""startIndexInSegment"": 654, ""selectedText"": ""To protect or defend the rights of CBS Interactive or our users"", ""value"": ""Service operation and security""}, ""Personal Information Type"": {""endIndexInSegment"": -1, ""startIndexInSegment"": -1, ""value"": ""Unspecified""}, ""Choice Type"": {""endIndexInSegment"": -1, ""startIndexInSegment"": -1, ""value"": ""Unspecified""}, ""Identifiability"": {""endIndexInSegment"": -1, ""startIndexInSegment"": -1, ""value"": ""Unspecified""}, ""Does/Does Not"": {""endIndexInSegment"": 717, ""startIndexInSegment"": 654, ""selectedText"": ""To protect or defend the rights of CBS Interactive or our users"", ""value"": ""Does""}, ""User Type"": {""endIndexInSegment"": -1, ""startIndexInSegment"": -1, ""value"": ""Unspecified""}, ""Action Third Party"": {""endIndexInSegment"": 65, ""startIndexInSegment"": 36, ""selectedText"": ""We may share your information"", ""value"": ""Receive/Shared with""}}",5/28/15,http://legalterms.cbsinteractive.com/privacy
5928,test_category_labeling_highlight,88,3720,5,Third Party Sharing/Collection,"{""Third Party Entity"": {""endIndexInSegment"": 784, ""startIndexInSegment"": 741, ""selectedText"": ""When required by law or public authorities."", ""value"": ""Unnamed third party""}, ""Choice Scope"": {""endIndexInSegment"": -1, ""startIndexInSegment"": -1, ""value"": ""Unspecified""}, ""Purpose"": {""endIndexInSegment"": 784, ""startIndexInSegment"": 741, ""selectedText"": ""When required by law or public authorities."", ""value"": ""Legal requirement""}, ""Personal Information Type"": {""endIndexInSegment"": -1, ""startIndexInSegment"": -1, ""value"": ""Unspecified""}, ""Choice Type"": {""endIndexInSegment"": -1, ""startIndexInSegment"": -1, ""value"": ""Unspecified""}, ""Identifiability"": {""endIndexInSegment"": -1, ""startIndexInSegment"": -1, ""value"": ""Unspecified""}, ""Does/Does Not"": {""endIndexInSegment"": 784, ""startIndexInSegment"": 741, ""selectedText"": ""When required by law or public authorities."", ""value"": ""Does""}, ""User Type"": {""endIndexInSegment"": -1, ""startIndexInSegment"": -1, ""value"": ""Unspecified""}, ""Action Third Party"": {""endIndexInSegment"": 65, ""startIndexInSegment"": 36, ""selectedText"": ""We may share your information"", ""value"": ""Receive/Shared with""}}",5/28/15,http://legalterms.cbsinteractive.com/privacy
6674,test_category_labeling_highlight,82,3720,5,Third Party Sharing/Collection,"{""Third Party Entity"": {""endIndexInSegment"": -1, ""startIndexInSegment"": -1, ""value"": ""Unspecified""}, ""Choice Scope"": {""endIndexInSegment"": -1, ""startIndexInSegment"": -1, ""value"": ""Unspecified""}, ""Purpose"": {""endIndexInSegment"": -1, ""startIndexInSegment"": -1, ""value"": ""Unspecified""}, ""Personal Information Type"": {""endIndexInSegment"": 65, ""startIndexInSegment"": 54, ""selectedText"": ""information"", ""value"": ""Unspecified""}, ""Choice Type"": {""endIndexInSegment"": 225, ""startIndexInSegment"": 87, ""selectedText"": ""Where we have obtained your consent, including with video content and social networking services as described in our Video Services Policy"", ""value"": ""Opt-in""}, ""Identifiability"": {""endIndexInSegment"": -1, ""startIndexInSegment"": -1, ""value"": ""Unspecified""}, ""Does/Does Not"": {""endIndexInSegment"": -1, ""startIndexInSegment"": -1, ""value"": ""Does""}, ""User Type"": {""endIndexInSegment"": -1, ""startIndexInSegment"": -1, ""value"": ""Unspecified""}, ""Action Third Party"": {""endIndexInSegment"": 53, ""startIndexInSegment"": 36, ""selectedText"": ""We may share your"", ""value"": ""Receive/Shared with""}}",5/28/15,http://legalterms.cbsinteractive.com/privacy
6675,test_category_labeling_highlight,82,3720,5,Third Party Sharing/Collection,"{""Third Party Entity"": {""endIndexInSegment"": 288, ""startIndexInSegment"": 258, ""selectedText"": ""third party service providers."", ""value"": ""Named third party""}, ""Choice Scope"": {""endIndexInSegment"": -1, ""startIndexInSegment"": -1, ""value"": ""Unspecified""}, ""Purpose"": {""endIndexInSegment"": -1, ""startIndexInSegment"": -1, ""value"": ""Unspecified""}, ""Personal Information Type"": {""endIndexInSegment"": 65, ""startIndexInSegment"": 54, ""selectedText"": ""information"", ""value"": ""Unspecified""}, ""Choice Type"": {""endIndexInSegment"": -1, ""startIndexInSegment"": -1, ""value"": ""Unspecified""}, ""Identifiability"": {""endIndexInSegment"": -1, ""startIndexInSegment"": -1, ""value"": ""Unspecified""}, ""Does/Does Not"": {""endIndexInSegment"": -1, ""startIndexInSegment"": -1, ""value"": ""Does""}, ""User Type"": {""endIndexInSegment"": -1, ""startIndexInSegment"": -1, ""value"": ""Unspecified""}, ""Action Third Party"": {""endIndexInSegment"": 53, ""startIndexInSegment"": 36, ""selectedText"": ""We may share your"", ""value"": ""Receive/Shared with""}}",5/28/15,http://legalterms.cbsinteractive.com/privacy
6676,test_category_labeling_highlight,82,3720,5,Third Party Sharing/Collection,"{""Third Party Entity"": {""endIndexInSegment"": 333, ""startIndexInSegment"": 316, ""selectedText"": ""business partners"", ""value"": ""Named third party""}, ""Choice Scope"": {""endIndexInSegment"": -1, ""startIndexInSegment"": -1, ""value"": ""Unspecified""}, ""Purpose"": {""endIndexInSegment"": 456, ""startIndexInSegment"": 338, ""selectedText"": ""sponsor a sweepstakes, contest, or promotion; or who jointly offer a service or feature with a CBS Interactive Service"", ""value"": ""Additional service/feature""}, ""Personal Information Type"": {""endIndexInSegment"": 65, ""startIndexInSegment"": 54, ""selectedText"": ""information"", ""value"": ""Unspecified""}, ""Choice Type"": {""endIndexInSegment"": -1, ""startIndexInSegment"": -1, ""value"": ""Unspecified""}, ""Identifiability"": {""endIndexInSegment"": -1, ""startIndexInSegment"": -1, ""value"": ""Unspecified""}, ""Does/Does Not"": {""endIndexInSegment"": -1, ""startIndexInSegment"": -1, ""value"": ""Does""}, ""User Type"": {""endIndexInSegment"": -1, ""startIndexInSegment"": -1, ""value"": ""Unspecified""}, ""Action Third Party"": {""endIndexInSegment"": 53, ""startIndexInSegment"": 36, ""selectedText"": ""We may share your"", ""value"": ""Receive/Shared with""}}",5/28/15,http://legalterms.cbsinteractive.com/privacy
6677,test_category_labeling_highlight,82,3720,5,Third Party Sharing/Collection,"{""Third Party Entity"": {""endIndexInSegment"": 550, ""startIndexInSegment"": 480, ""selectedText"": ""Within the family of CBS Interactive Services and other CBS businesses"", ""value"": ""Other part of company/affiliate""}, ""Choice Scope"": {""endIndexInSegment"": -1, ""startIndexInSegment"": -1, ""value"": ""Unspecified""}, ""Purpose"": {""endIndexInSegment"": -1, ""startIndexInSegment"": -1, ""value"": ""Unspecified""}, ""Personal Information Type"": {""endIndexInSegment"": 65, ""startIndexInSegment"": 54, ""selectedText"": ""information"", ""value"": ""Unspecified""}, ""Choice Type"": {""endIndexInSegment"": -1, ""startIndexInSegment"": -1, ""value"": ""Unspecified""}, ""Identifiability"": {""endIndexInSegment"": -1, ""startIndexInSegment"": -1, ""value"": ""Unspecified""}, ""Does/Does Not"": {""endIndexInSegment"": -1, ""startIndexInSegment"": -1, ""value"": ""Does""}, ""User Type"": {""endIndexInSegment"": -1, ""startIndexInSegment"": -1, ""value"": ""Unspecified""}, ""Action Third Party"": {""endIndexInSegment"": 53, ""startIndexInSegment"": 36, ""selectedText"": ""We may share your"", ""value"": ""Receive/Shared with""}}",5/28/15,http://legalterms.cbsinteractive.com/privacy
6678,test_category_labeling_highlight,82,3720,5,Third Party Sharing/Collection,"{""Third Party Entity"": {""endIndexInSegment"": -1, ""startIndexInSegment"": -1, ""value"": ""Unspecified""}, ""Choice Scope"": {""endIndexInSegment"": -1, ""startIndexInSegment"": -1, ""value"": ""Unspecified""}, ""Purpose"": {""endIndexInSegment"": 630, ""startIndexInSegment"": 574, ""selectedText"": ""If a CBS Interactive Services is sold to another company"", ""value"": ""Merger/Acquisition""}, ""Personal Information Type"": {""endIndexInSegment"": 65, ""startIndexInSegment"": 54, ""selectedText"": ""information"", ""value"": ""Unspecified""}, ""Choice Type"": {""endIndexInSegment"": -1, ""startIndexInSegment"": -1, ""value"": ""Unspecified""}, ""Identifiability"": {""endIndexInSegment"": -1, ""startIndexInSegment"": -1, ""value"": ""Unspecified""}, ""Does/Does Not"": {""endIndexInSegment"": -1, ""startIndexInSegment"": -1, ""value"": ""Does""}, ""User Type"": {""endIndexInSegment"": -1, ""startIndexInSegment"": -1, ""value"": ""Unspecified""}, ""Action Third Party"": {""endIndexInSegment"": 53, ""startIndexInSegment"": 36, ""selectedText"": ""We may share your"", ""value"": ""Receive/Shared with""}}",5/28/15,http://legalterms.cbsinteractive.com/privacy
6679,test_category_labeling_highlight,82,3720,5,Third Party Sharing/Collection,"{""Third Party Entity"": {""endIndexInSegment"": -1, ""startIndexInSegment"": -1, ""value"": ""Unspecified""}, ""Choice Scope"": {""endIndexInSegment"": -1, ""startIndexInSegment"": -1, ""value"": ""Unspecified""}, ""Purpose"": {""endIndexInSegment"": 784, ""startIndexInSegment"": 742, ""selectedText"": ""hen required by law or public authorities."", ""value"": ""Legal requirement""}, ""Personal Information Type"": {""endIndexInSegment"": 65, ""startIndexInSegment"": 54, ""selectedText"": ""information"", ""value"": ""Unspecified""}, ""Choice Type"": {""endIndexInSegment"": -1, ""startIndexInSegment"": -1, ""value"": ""Unspecified""}, ""Identifiability"": {""endIndexInSegment"": -1, ""startIndexInSegment"": -1, ""value"": ""Unspecified""}, ""Does/Does Not"": {""endIndexInSegment"": -1, ""startIndexInSegment"": -1, ""value"": ""Does""}, ""User Type"": {""endIndexInSegment"": -1, ""startIndexInSegment"": -1, ""value"": ""Unspecified""}, ""Action Third Party"": {""endIndexInSegment"": 53, ""startIndexInSegment"": 36, ""selectedText"": ""We may share your"", ""value"": ""Receive/Shared with""}}",5/28/15,http://legalterms.cbsinteractive.com/privacy
6680,test_category_labeling_highlight,82,3720,5,Third Party Sharing/Collection,"{""Third Party Entity"": {""endIndexInSegment"": -1, ""startIndexInSegment"": -1, ""value"": ""Unspecified""}, ""Choice Scope"": {""endIndexInSegment"": -1, ""startIndexInSegment"": -1, ""value"": ""Unspecified""}, ""Purpose"": {""endIndexInSegment"": 717, ""startIndexInSegment"": 654, ""selectedText"": ""To protect or defend the rights of CBS Interactive or our users"", ""value"": ""Service operation and security""}, ""Personal Information Type"": {""endIndexInSegment"": 65, ""startIndexInSegment"": 54, ""selectedText"": ""information"", ""value"": ""Unspecified""}, ""Choice Type"": {""endIndexInSegment"": -1, ""startIndexInSegment"": -1, ""value"": ""Unspecified""}, ""Identifiability"": {""endIndexInSegment"": -1, ""startIndexInSegment"": -1, ""value"": ""Unspecified""}, ""Does/Does Not"": {""endIndexInSegment"": -1, ""startIndexInSegment"": -1, ""value"": ""Does""}, ""User Type"": {""endIndexInSegment"": -1, ""startIndexInSegment"": -1, ""value"": ""Unspecified""}, ""Action Third Party"": {""endIndexInSegment"": 53, ""startIndexInSegment"": 36, ""selectedText"": ""We may share your"", ""value"": ""Receive/Shared with""}}",5/28/15,http://legalterms.cbsinteractive.com/privacy
4879,test_category_labeling_highlight,84,3720,6,"User Access, Edit and Deletion","{""Access Type"": {""endIndexInSegment"": 124, ""startIndexInSegment"": 118, ""selectedText"": ""update"", ""value"": ""Edit information""}, ""User Type"": {""endIndexInSegment"": -1, ""startIndexInSegment"": -1, ""value"": ""Unspecified""}, ""Access Scope"": {""endIndexInSegment"": -1, ""startIndexInSegment"": -1, ""value"": ""Unspecified""}}",5/28/15,http://legalterms.cbsinteractive.com/privacy
4880,test_category_labeling_highlight,84,3720,6,User Choice/Control,"{""Choice Type"": {""endIndexInSegment"": 177, ""startIndexInSegment"": 173, ""selectedText"": ""stop"", ""value"": ""Opt-out link""}, ""Choice Scope"": {""endIndexInSegment"": 262, ""startIndexInSegment"": 220, ""selectedText"": ""from a CBS Interactive Services or service"", ""value"": ""First party use""}, ""User Type"": {""endIndexInSegment"": -1, ""startIndexInSegment"": -1, ""value"": ""Unspecified""}, ""Purpose"": {""endIndexInSegment"": 204, ""startIndexInSegment"": 194, ""selectedText"": ""commercial"", ""value"": ""Marketing""}, ""Personal Information Type"": {""endIndexInSegment"": -1, ""startIndexInSegment"": -1, ""value"": ""Unspecified""}}",5/28/15,http://legalterms.cbsinteractive.com/privacy
4881,test_category_labeling_highlight,84,3720,6,User Choice/Control,"{""Choice Type"": {""endIndexInSegment"": 177, ""startIndexInSegment"": 173, ""selectedText"": ""stop"", ""value"": ""Opt-out link""}, ""Choice Scope"": {""endIndexInSegment"": 262, ""startIndexInSegment"": 255, ""selectedText"": ""service"", ""value"": ""Third party use""}, ""User Type"": {""endIndexInSegment"": -1, ""startIndexInSegment"": -1, ""value"": ""Unspecified""}, ""Purpose"": {""endIndexInSegment"": 204, ""startIndexInSegment"": 194, ""selectedText"": ""commercial"", ""value"": ""Marketing""}, ""Personal Information Type"": {""endIndexInSegment"": -1, ""startIndexInSegment"": -1, ""value"": ""Unspecified""}}",5/28/15,http://legalterms.cbsinteractive.com/privacy
4882,test_category_labeling_highlight,84,3720,6,User Choice/Control,"{""Choice Type"": {""endIndexInSegment"": 362, ""startIndexInSegment"": 355, ""selectedText"": ""choices"", ""value"": ""Unspecified""}, ""Choice Scope"": {""endIndexInSegment"": 428, ""startIndexInSegment"": 373, ""selectedText"": ""collection and use of your information by third parties"", ""value"": ""Third party sharing/collection""}, ""User Type"": {""endIndexInSegment"": -1, ""startIndexInSegment"": -1, ""value"": ""Unspecified""}, ""Purpose"": {""endIndexInSegment"": 463, ""startIndexInSegment"": 449, ""selectedText"": ""advertisements"", ""value"": ""Advertising""}, ""Personal Information Type"": {""endIndexInSegment"": -1, ""startIndexInSegment"": -1, ""value"": ""Unspecified""}}",5/28/15,http://legalterms.cbsinteractive.com/privacy
4883,test_category_labeling_highlight,84,3720,6,User Choice/Control,"{""Choice Type"": {""endIndexInSegment"": 785, ""startIndexInSegment"": 706, ""selectedText"": ""To opt out, visit the CBS Interactive Business Partner Advertising Opt-Out page"", ""value"": ""Opt-out link""}, ""Choice Scope"": {""endIndexInSegment"": 665, ""startIndexInSegment"": 596, ""selectedText"": ""ata that we collect about your visits to our business partners' sites"", ""value"": ""First party collection""}, ""User Type"": {""endIndexInSegment"": -1, ""startIndexInSegment"": -1, ""value"": ""Unspecified""}, ""Purpose"": {""endIndexInSegment"": 463, ""startIndexInSegment"": 449, ""selectedText"": ""advertisements"", ""value"": ""Advertising""}, ""Personal Information Type"": {""endIndexInSegment"": -1, ""startIndexInSegment"": -1, ""value"": ""Unspecified""}}",5/28/15,http://legalterms.cbsinteractive.com/privacy
5920,test_category_labeling_highlight,88,3720,6,User Choice/Control,"{""Choice Type"": {""endIndexInSegment"": 527, ""startIndexInSegment"": 346, ""selectedText"": ""You have choices about the collection and use of your information by third parties to display relevant advertisements, as described in our overview of Third Party Online Advertising"", ""value"": ""Unspecified""}, ""Choice Scope"": {""endIndexInSegment"": -1, ""startIndexInSegment"": -1, ""value"": ""Unspecified""}, ""User Type"": {""endIndexInSegment"": -1, ""startIndexInSegment"": -1, ""value"": ""Unspecified""}, ""Purpose"": {""endIndexInSegment"": 527, ""startIndexInSegment"": 346, ""selectedText"": ""You have choices about the collection and use of your information by third parties to display relevant advertisements, as described in our overview of Third Party Online Advertising"", ""value"": ""Advertising""}, ""Personal Information Type"": {""endIndexInSegment"": -1, ""startIndexInSegment"": -1, ""value"": ""Unspecified""}}",5/28/15,http://legalterms.cbsinteractive.com/privacy
5929,test_category_labeling_highlight,88,3720,6,"User Access, Edit and Deletion","{""Access Type"": {""endIndexInSegment"": 142, ""startIndexInSegment"": 33, ""selectedText"": ""If you choose to share contact information with us, you will have the opportunity to update that information."", ""value"": ""Edit information""}, ""User Type"": {""endIndexInSegment"": -1, ""startIndexInSegment"": -1, ""value"": ""Unspecified""}, ""Access Scope"": {""endIndexInSegment"": 142, ""startIndexInSegment"": 33, ""selectedText"": ""If you choose to share contact information with us, you will have the opportunity to update that information."", ""value"": ""User account data""}}",5/28/15,http://legalterms.cbsinteractive.com/privacy
5930,test_category_labeling_highlight,88,3720,6,User Choice/Control,"{""Choice Type"": {""endIndexInSegment"": 323, ""startIndexInSegment"": 165, ""selectedText"": ""You can stop the delivery of commercial email messages from a CBS Interactive Services or service by following the instructions in any such email you receive."", ""value"": ""Opt-out link""}, ""Choice Scope"": {""endIndexInSegment"": 323, ""startIndexInSegment"": 165, ""selectedText"": ""You can stop the delivery of commercial email messages from a CBS Interactive Services or service by following the instructions in any such email you receive."", ""value"": ""First party use""}, ""User Type"": {""endIndexInSegment"": -1, ""startIndexInSegment"": -1, ""value"": ""Unspecified""}, ""Purpose"": {""endIndexInSegment"": 323, ""startIndexInSegment"": 165, ""selectedText"": ""You can stop the delivery of commercial email messages from a CBS Interactive Services or service by following the instructions in any such email you receive."", ""value"": ""Marketing""}, ""Personal Information Type"": {""endIndexInSegment"": 323, ""startIndexInSegment"": 165, ""selectedText"": ""You can stop the delivery of commercial email messages from a CBS Interactive Services or service by following the instructions in any such email you receive."", ""value"": ""Contact""}}",5/28/15,http://legalterms.cbsinteractive.com/privacy
6686,test_category_labeling_highlight,82,3720,6,"User Access, Edit and Deletion","{""Access Type"": {""endIndexInSegment"": 140, ""startIndexInSegment"": 34, ""selectedText"": ""f you choose to share contact information with us, you will have the opportunity to update that informatio"", ""value"": ""Edit information""}, ""User Type"": {""endIndexInSegment"": -1, ""startIndexInSegment"": -1, ""value"": ""Unspecified""}, ""Access Scope"": {""endIndexInSegment"": -1, ""startIndexInSegment"": -1, ""value"": ""Unspecified""}}",5/28/15,http://legalterms.cbsinteractive.com/privacy
6687,test_category_labeling_highlight,82,3720,6,User Choice/Control,"{""Choice Type"": {""endIndexInSegment"": 321, ""startIndexInSegment"": 166, ""selectedText"": ""ou can stop the delivery of commercial email messages from a CBS Interactive Services or service by following the instructions in any such email you receiv"", ""value"": ""Unspecified""}, ""Choice Scope"": {""endIndexInSegment"": 219, ""startIndexInSegment"": 166, ""selectedText"": ""ou can stop the delivery of commercial email messages"", ""value"": ""First party use""}, ""User Type"": {""endIndexInSegment"": 238, ""startIndexInSegment"": 194, ""selectedText"": ""commercial email messages from a CBS Interac"", ""value"": ""Unspecified""}, ""Purpose"": {""endIndexInSegment"": -1, ""startIndexInSegment"": -1, ""value"": ""Unspecified""}, ""Personal Information Type"": {""endIndexInSegment"": -1, ""startIndexInSegment"": -1, ""value"": ""Unspecified""}}",5/28/15,http://legalterms.cbsinteractive.com/privacy
6688,test_category_labeling_highlight,82,3720,6,Third Party Sharing/Collection,"{""Third Party Entity"": {""endIndexInSegment"": 428, ""startIndexInSegment"": 415, ""selectedText"": ""third parties"", ""value"": ""Unnamed third party""}, ""Choice Scope"": {""endIndexInSegment"": -1, ""startIndexInSegment"": -1, ""value"": ""Unspecified""}, ""Purpose"": {""endIndexInSegment"": 463, ""startIndexInSegment"": 441, ""selectedText"": ""elevant advertisements"", ""value"": ""Advertising""}, ""Personal Information Type"": {""endIndexInSegment"": -1, ""startIndexInSegment"": -1, ""value"": ""Unspecified""}, ""Choice Type"": {""endIndexInSegment"": -1, ""startIndexInSegment"": -1, ""value"": ""Unspecified""}, ""Identifiability"": {""endIndexInSegment"": -1, ""startIndexInSegment"": -1, ""value"": ""Unspecified""}, ""Does/Does Not"": {""endIndexInSegment"": -1, ""startIndexInSegment"": -1, ""value"": ""Does""}, ""User Type"": {""endIndexInSegment"": -1, ""startIndexInSegment"": -1, ""value"": ""Unspecified""}, ""Action Third Party"": {""endIndexInSegment"": 411, ""startIndexInSegment"": 373, ""selectedText"": ""collection and use of your information"", ""value"": ""Receive/Shared with""}}",5/28/15,http://legalterms.cbsinteractive.com/privacy
6689,test_category_labeling_highlight,82,3720,6,First Party Collection/Use,"{""Collection Mode"": {""endIndexInSegment"": -1, ""startIndexInSegment"": -1, ""value"": ""Unspecified""}, ""Choice Scope"": {""endIndexInSegment"": -1, ""startIndexInSegment"": -1, ""value"": ""Unspecified""}, ""Action First-Party"": {""endIndexInSegment"": 665, ""startIndexInSegment"": 634, ""selectedText"": ""to our business partners' sites"", ""value"": ""Collect from user on other websites""}, ""Personal Information Type"": {""endIndexInSegment"": -1, ""startIndexInSegment"": -1, ""value"": ""Unspecified""}, ""Choice Type"": {""endIndexInSegment"": 786, ""startIndexInSegment"": 706, ""selectedText"": ""To opt out, visit the CBS Interactive Business Partner Advertising Opt-Out page."", ""value"": ""Opt-out link""}, ""Identifiability"": {""endIndexInSegment"": -1, ""startIndexInSegment"": -1, ""value"": ""Unspecified""}, ""Does/Does Not"": {""endIndexInSegment"": -1, ""startIndexInSegment"": -1, ""value"": ""Does""}, ""User Type"": {""endIndexInSegment"": -1, ""startIndexInSegment"": -1, ""value"": ""Unspecified""}, ""Purpose"": {""endIndexInSegment"": 704, ""startIndexInSegment"": 669, ""selectedText"": ""customize advertising that we serve"", ""value"": ""Advertising""}}",5/28/15,http://legalterms.cbsinteractive.com/privacy
4884,test_category_labeling_highlight,84,3720,7,Data Security,"{""Security Measure"": {""endIndexInSegment"": 334, ""startIndexInSegment"": 161, ""selectedText"": ""We have adopted commercially reasonable procedures to help protect your information, but please note that no data transmission or storage can be guaranteed to be 100 secure."", ""value"": ""Generic""}}",5/28/15,http://legalterms.cbsinteractive.com/privacy
4885,test_category_labeling_highlight,84,3720,7,Other,"{""Other Type"": {""endIndexInSegment"": 138, ""startIndexInSegment"": 38, ""selectedText"": ""CBS Interactive is committed to working with you to obtain a fair resolution of any privacy concern."", ""value"": ""Introductory/Generic""}}",5/28/15,http://legalterms.cbsinteractive.com/privacy
5916,test_category_labeling_highlight,88,3720,7,Data Security,"{""Security Measure"": {""endIndexInSegment"": 334, ""startIndexInSegment"": 161, ""selectedText"": ""We have adopted commercially reasonable procedures to help protect your information, but please note that no data transmission or storage can be guaranteed to be 100 secure."", ""value"": ""Generic""}}",5/28/15,http://legalterms.cbsinteractive.com/privacy
5931,test_category_labeling_highlight,88,3720,7,Other,"{""Other Type"": {""endIndexInSegment"": 461, ""startIndexInSegment"": 357, ""selectedText"": ""For more information about our privacy practices, please review the full CBS Interactive Privacy Policy."", ""value"": ""Other""}}",5/28/15,http://legalterms.cbsinteractive.com/privacy
6684,test_category_labeling_highlight,82,3720,7,Data Security,"{""Security Measure"": {""endIndexInSegment"": 333, ""startIndexInSegment"": 161, ""selectedText"": ""We have adopted commercially reasonable procedures to help protect your information, but please note that no data transmission or storage can be guaranteed to be 100 secure"", ""value"": ""Generic""}}",5/28/15,http://legalterms.cbsinteractive.com/privacy
6685,test_category_labeling_highlight,82,3720,7,Other,"{""Other Type"": {""endIndexInSegment"": 461, ""startIndexInSegment"": 38, ""selectedText"": ""CBS Interactive is committed to working with you to obtain a fair resolution of any privacy concern. We have adopted commercially reasonable procedures to help protect your information, but please note that no data transmission or storage can be guaranteed to be 100 secure. For more information about our privacy practices, please review the full CBS Interactive Privacy Policy."", ""value"": ""Introductory/Generic""}}",5/28/15,http://legalterms.cbsinteractive.com/privacy
4886,test_category_labeling_highlight,84,3720,8,Other,"{""Other Type"": {""endIndexInSegment"": 278, ""startIndexInSegment"": 28, ""selectedText"": ""If you have questions regarding the CBS Interactive Privacy Policy, please contact us and we will endeavor to respond to your request within a reasonable period of time. You may also submit questions or comments using the postal address listed below:"", ""value"": ""Privacy contact information""}}",5/28/15,http://legalterms.cbsinteractive.com/privacy
5917,test_category_labeling_highlight,88,3720,8,Other,"{""Other Type"": {""endIndexInSegment"": 404, ""startIndexInSegment"": 290, ""selectedText"": ""BS Interactive Inc. 235 Second Street San Francisco, CA 94105 Attn: Legal Department"", ""value"": ""Privacy contact information""}}",5/28/15,http://legalterms.cbsinteractive.com/privacy
6681,test_category_labeling_highlight,82,3720,8,Other,"{""Other Type"": {""endIndexInSegment"": 404, ""startIndexInSegment"": 0, ""selectedText"": ""How to Contact Us If you have questions regarding the CBS Interactive Privacy Policy, please contact us and we will endeavor to respond to your request within a reasonable period of time. You may also submit questions or comments using the postal address listed below: CBS Interactive Inc. 235 Second Street San Francisco, CA 94105 Attn: Legal Department"", ""value"": ""Privacy contact information""}}",5/28/15,http://legalterms.cbsinteractive.com/privacy
4887,test_category_labeling_highlight,84,3720,9,International and Specific Audiences,"{""Audience Type"": {""endIndexInSegment"": 197, ""startIndexInSegment"": 0, ""selectedText"": ""For international users, please select this link to find the address of your closest CBS Interactive office. We are committed to working with you to obtain a fair resolution of any privacy concern."", ""value"": ""Citizens from other countries""}}",5/28/15,http://legalterms.cbsinteractive.com/privacy
5918,test_category_labeling_highlight,88,3720,9,International and Specific Audiences,"{""Audience Type"": {""endIndexInSegment"": 197, ""startIndexInSegment"": 0, ""selectedText"": ""For international users, please select this link to find the address of your closest CBS Interactive office. We are committed to working with you to obtain a fair resolution of any privacy concern."", ""value"": ""Citizens from other countries""}}",5/28/15,http://legalterms.cbsinteractive.com/privacy
6682,test_category_labeling_highlight,82,3720,9,International and Specific Audiences,"{""Audience Type"": {""endIndexInSegment"": 197, ""startIndexInSegment"": 0, ""selectedText"": ""For international users, please select this link to find the address of your closest CBS Interactive office. We are committed to working with you to obtain a fair resolution of any privacy concern."", ""value"": ""Citizens from other countries""}}",5/28/15,http://legalterms.cbsinteractive.com/privacy
4888,test_category_labeling_highlight,84,3720,10,International and Specific Audiences,"{""Audience Type"": {""endIndexInSegment"": 800, ""startIndexInSegment"": 0, ""selectedText"": ""Residents of the State of California may request a list of all third parties to which a CBS Interactive Services has disclosed certain information during the preceding year for the third parties' direct marketing purposes. If you are a California resident and want such a list, please contact us. For all requests, you must put the statement \""Your California Privacy Rights\"" in the subject field of your request and include the name of the CBS Interactive Services with respect to which you are requesting the information, as well as your name, street address, city, state, and zip code. Please note that we will not accept these requests via the telephone, mail, or by facsimile, and we are not responsible for notices that are not labeled or sent properly, or that do not have complete information."", ""value"": ""Californians""}}",5/28/15,http://legalterms.cbsinteractive.com/privacy
5919,test_category_labeling_highlight,88,3720,10,International and Specific Audiences,"{""Audience Type"": {""endIndexInSegment"": 800, ""startIndexInSegment"": 0, ""selectedText"": ""Residents of the State of California may request a list of all third parties to which a CBS Interactive Services has disclosed certain information during the preceding year for the third parties' direct marketing purposes. If you are a California resident and want such a list, please contact us. For all requests, you must put the statement \""Your California Privacy Rights\"" in the subject field of your request and include the name of the CBS Interactive Services with respect to which you are requesting the information, as well as your name, street address, city, state, and zip code. Please note that we will not accept these requests via the telephone, mail, or by facsimile, and we are not responsible for notices that are not labeled or sent properly, or that do not have complete information."", ""value"": ""Californians""}}",5/28/15,http://legalterms.cbsinteractive.com/privacy
6683,test_category_labeling_highlight,82,3720,10,International and Specific Audiences,"{""Audience Type"": {""endIndexInSegment"": 800, ""startIndexInSegment"": 1, ""selectedText"": ""esidents of the State of California may request a list of all third parties to which a CBS Interactive Services has disclosed certain information during the preceding year for the third parties' direct marketing purposes. If you are a California resident and want such a list, please contact us. For all requests, you must put the statement \""Your California Privacy Rights\"" in the subject field of your request and include the name of the CBS Interactive Services with respect to which you are requesting the information, as well as your name, street address, city, state, and zip code. Please note that we will not accept these requests via the telephone, mail, or by facsimile, and we are not responsible for notices that are not labeled or sent properly, or that do not have complete information."", ""value"": ""Californians""}}",5/28/15,http://legalterms.cbsinteractive.com/privacy
