5751,test_category_labeling_highlight,84,3731,0,Third Party Sharing/Collection,"{""Third Party Entity"": {""endIndexInSegment"": 312, ""startIndexInSegment"": 306, ""selectedText"": ""anyone"", ""value"": ""Unnamed third party""}, ""Choice Scope"": {""endIndexInSegment"": -1, ""startIndexInSegment"": -1, ""value"": ""Unspecified""}, ""Purpose"": {""endIndexInSegment"": -1, ""startIndexInSegment"": -1, ""value"": ""Unspecified""}, ""Personal Information Type"": {""endIndexInSegment"": -1, ""startIndexInSegment"": -1, ""value"": ""Unspecified""}, ""Choice Type"": {""endIndexInSegment"": -1, ""startIndexInSegment"": -1, ""value"": ""Unspecified""}, ""Identifiability"": {""endIndexInSegment"": -1, ""startIndexInSegment"": -1, ""value"": ""Unspecified""}, ""Does/Does Not"": {""endIndexInSegment"": 220, ""startIndexInSegment"": 213, ""selectedText"": ""does no"", ""value"": ""Does Not""}, ""User Type"": {""endIndexInSegment"": -1, ""startIndexInSegment"": -1, ""value"": ""Unspecified""}, ""Action Third Party"": {""endIndexInSegment"": 226, ""startIndexInSegment"": 222, ""selectedText"": ""sell"", ""value"": ""Receive/Shared with""}}",10/27/07,http://www.uptodate.com/home/privacy-policy
6632,test_category_labeling_highlight,88,3731,0,Third Party Sharing/Collection,"{""Third Party Entity"": {""endIndexInSegment"": 313, ""startIndexInSegment"": 204, ""selectedText"": ""UpToDate does not sell or otherwise share subscribers' or website visitors' personal information with anyone."", ""value"": ""Unnamed third party""}, ""Choice Scope"": {""endIndexInSegment"": -1, ""startIndexInSegment"": -1, ""value"": ""Unspecified""}, ""Purpose"": {""endIndexInSegment"": -1, ""startIndexInSegment"": -1, ""value"": ""Unspecified""}, ""Personal Information Type"": {""endIndexInSegment"": 300, ""startIndexInSegment"": 280, ""selectedText"": ""personal information"", ""value"": ""Generic personal information""}, ""Choice Type"": {""endIndexInSegment"": -1, ""startIndexInSegment"": -1, ""value"": ""Unspecified""}, ""Identifiability"": {""endIndexInSegment"": 300, ""startIndexInSegment"": 280, ""selectedText"": ""personal information"", ""value"": ""Identifiable""}, ""Does/Does Not"": {""endIndexInSegment"": 313, ""startIndexInSegment"": 204, ""selectedText"": ""UpToDate does not sell or otherwise share subscribers' or website visitors' personal information with anyone."", ""value"": ""Does Not""}, ""User Type"": {""endIndexInSegment"": -1, ""startIndexInSegment"": -1, ""value"": ""Unspecified""}, ""Action Third Party"": {""endIndexInSegment"": 313, ""startIndexInSegment"": 204, ""selectedText"": ""UpToDate does not sell or otherwise share subscribers' or website visitors' personal information with anyone."", ""value"": ""Receive/Shared with""}}",10/27/07,http://www.uptodate.com/home/privacy-policy
7386,test_category_labeling_highlight,82,3731,0,Other,"{""Other Type"": {""endIndexInSegment"": 313, ""startIndexInSegment"": 41, ""selectedText"": ""UpToDate, Inc. is very sensitive to the privacy needs of its website visitors and subscribers and is wholly committed to maintaining privacy at the highest level. UpToDate does not sell or otherwise share subscribers' or website visitors' personal information with anyone."", ""value"": ""Introductory/Generic""}}",10/27/07,http://www.uptodate.com/home/privacy-policy
7387,test_category_labeling_highlight,82,3731,0,Third Party Sharing/Collection,"{""Third Party Entity"": {""endIndexInSegment"": 312, ""startIndexInSegment"": 307, ""selectedText"": ""nyone"", ""value"": ""Unnamed third party""}, ""Choice Scope"": {""endIndexInSegment"": -1, ""startIndexInSegment"": -1, ""value"": ""Unspecified""}, ""Purpose"": {""endIndexInSegment"": -1, ""startIndexInSegment"": -1, ""value"": ""Unspecified""}, ""Personal Information Type"": {""endIndexInSegment"": 300, ""startIndexInSegment"": 280, ""selectedText"": ""personal information"", ""value"": ""Generic personal information""}, ""Choice Type"": {""endIndexInSegment"": -1, ""startIndexInSegment"": -1, ""value"": ""Unspecified""}, ""Identifiability"": {""endIndexInSegment"": -1, ""startIndexInSegment"": -1, ""value"": ""Unspecified""}, ""Does/Does Not"": {""endIndexInSegment"": 221, ""startIndexInSegment"": 213, ""selectedText"": ""does not"", ""value"": ""Does Not""}, ""User Type"": {""endIndexInSegment"": -1, ""startIndexInSegment"": -1, ""value"": ""Unspecified""}, ""Action Third Party"": {""endIndexInSegment"": 245, ""startIndexInSegment"": 213, ""selectedText"": ""does not sell or otherwise share"", ""value"": ""Receive/Shared with""}}",10/27/07,http://www.uptodate.com/home/privacy-policy
7388,test_category_labeling_highlight,82,3731,0,First Party Collection/Use,"{""Collection Mode"": {""endIndexInSegment"": -1, ""startIndexInSegment"": -1, ""value"": ""Unspecified""}, ""Choice Scope"": {""endIndexInSegment"": -1, ""startIndexInSegment"": -1, ""value"": ""Unspecified""}, ""Action First-Party"": {""endIndexInSegment"": 226, ""startIndexInSegment"": 222, ""selectedText"": ""sell"", ""value"": ""Other""}, ""Personal Information Type"": {""endIndexInSegment"": 300, ""startIndexInSegment"": 280, ""selectedText"": ""personal information"", ""value"": ""Generic personal information""}, ""Choice Type"": {""endIndexInSegment"": -1, ""startIndexInSegment"": -1, ""value"": ""Unspecified""}, ""Identifiability"": {""endIndexInSegment"": -1, ""startIndexInSegment"": -1, ""value"": ""Unspecified""}, ""Does/Does Not"": {""endIndexInSegment"": 221, ""startIndexInSegment"": 213, ""selectedText"": ""does not"", ""value"": ""Does Not""}, ""User Type"": {""endIndexInSegment"": -1, ""startIndexInSegment"": -1, ""value"": ""Unspecified""}, ""Purpose"": {""endIndexInSegment"": 226, ""startIndexInSegment"": 222, ""selectedText"": ""sell"", ""value"": ""Other""}}",10/27/07,http://www.uptodate.com/home/privacy-policy
5752,test_category_labeling_highlight,84,3731,1,Other,"{""Other Type"": {""endIndexInSegment"": 98, ""startIndexInSegment"": 0, ""selectedText"": ""To better understand UpToDate's online privacy policies, please read the following Privacy Policy."", ""value"": ""Introductory/Generic""}}",10/27/07,http://www.uptodate.com/home/privacy-policy
6633,test_category_labeling_highlight,88,3731,1,Other,"{""Other Type"": {""endIndexInSegment"": 98, ""startIndexInSegment"": 0, ""selectedText"": ""To better understand UpToDate's online privacy policies, please read the following Privacy Policy."", ""value"": ""Introductory/Generic""}}",10/27/07,http://www.uptodate.com/home/privacy-policy
7389,test_category_labeling_highlight,82,3731,1,Other,"{""Other Type"": {""endIndexInSegment"": 98, ""startIndexInSegment"": 0, ""selectedText"": ""To better understand UpToDate's online privacy policies, please read the following Privacy Policy."", ""value"": ""Introductory/Generic""}}",10/27/07,http://www.uptodate.com/home/privacy-policy
5753,test_category_labeling_highlight,84,3731,2,First Party Collection/Use,"{""Collection Mode"": {""endIndexInSegment"": 61, ""startIndexInSegment"": 48, ""selectedText"": ""automatically"", ""value"": ""Implicit""}, ""Choice Scope"": {""endIndexInSegment"": -1, ""startIndexInSegment"": -1, ""value"": ""Unspecified""}, ""Action First-Party"": {""endIndexInSegment"": 70, ""startIndexInSegment"": 62, ""selectedText"": ""collects"", ""value"": ""Collect on website""}, ""Personal Information Type"": {""endIndexInSegment"": 165, ""startIndexInSegment"": 120, ""selectedText"": ""such as your name, address, or e-mail address"", ""value"": ""Unspecified""}, ""Choice Type"": {""endIndexInSegment"": -1, ""startIndexInSegment"": -1, ""value"": ""Unspecified""}, ""Identifiability"": {""endIndexInSegment"": 115, ""startIndexInSegment"": 105, ""selectedText"": ""identifies"", ""value"": ""Identifiable""}, ""Does/Does Not"": {""endIndexInSegment"": 47, ""startIndexInSegment"": 42, ""selectedText"": ""never"", ""value"": ""Does Not""}, ""User Type"": {""endIndexInSegment"": -1, ""startIndexInSegment"": -1, ""value"": ""Unspecified""}, ""Purpose"": {""endIndexInSegment"": -1, ""startIndexInSegment"": -1, ""value"": ""Unspecified""}}",10/27/07,http://www.uptodate.com/home/privacy-policy
5754,test_category_labeling_highlight,84,3731,2,First Party Collection/Use,"{""Collection Mode"": {""endIndexInSegment"": 222, ""startIndexInSegment"": 211, ""selectedText"": ""voluntarily"", ""value"": ""Explicit""}, ""Choice Scope"": {""endIndexInSegment"": -1, ""startIndexInSegment"": -1, ""value"": ""Unspecified""}, ""Action First-Party"": {""endIndexInSegment"": 70, ""startIndexInSegment"": 62, ""selectedText"": ""collects"", ""value"": ""Collect on website""}, ""Personal Information Type"": {""endIndexInSegment"": 165, ""startIndexInSegment"": 120, ""selectedText"": ""such as your name, address, or e-mail address"", ""value"": ""Unspecified""}, ""Choice Type"": {""endIndexInSegment"": -1, ""startIndexInSegment"": -1, ""value"": ""Unspecified""}, ""Identifiability"": {""endIndexInSegment"": 115, ""startIndexInSegment"": 105, ""selectedText"": ""identifies"", ""value"": ""Identifiable""}, ""Does/Does Not"": {""endIndexInSegment"": 196, ""startIndexInSegment"": 187, ""selectedText"": ""collected"", ""value"": ""Does""}, ""User Type"": {""endIndexInSegment"": 269, ""startIndexInSegment"": 237, ""selectedText"": ""part of the subscription process"", ""value"": ""User with account""}, ""Purpose"": {""endIndexInSegment"": -1, ""startIndexInSegment"": -1, ""value"": ""Unspecified""}}",10/27/07,http://www.uptodate.com/home/privacy-policy
6634,test_category_labeling_highlight,88,3731,2,First Party Collection/Use,"{""Collection Mode"": {""endIndexInSegment"": 61, ""startIndexInSegment"": 48, ""selectedText"": ""automatically"", ""value"": ""Implicit""}, ""Choice Scope"": {""endIndexInSegment"": -1, ""startIndexInSegment"": -1, ""value"": ""Unspecified""}, ""Action First-Party"": {""endIndexInSegment"": 166, ""startIndexInSegment"": 33, ""selectedText"": ""UpToDate never automatically collects any information that specifically identifies you such as your name, address, or e-mail address."", ""value"": ""Collect on website""}, ""Personal Information Type"": {""endIndexInSegment"": 115, ""startIndexInSegment"": 71, ""selectedText"": ""any information that specifically identifies"", ""value"": ""Generic personal information""}, ""Choice Type"": {""endIndexInSegment"": -1, ""startIndexInSegment"": -1, ""value"": ""Unspecified""}, ""Identifiability"": {""endIndexInSegment"": 115, ""startIndexInSegment"": 71, ""selectedText"": ""any information that specifically identifies"", ""value"": ""Identifiable""}, ""Does/Does Not"": {""endIndexInSegment"": 166, ""startIndexInSegment"": 33, ""selectedText"": ""UpToDate never automatically collects any information that specifically identifies you such as your name, address, or e-mail address."", ""value"": ""Does Not""}, ""User Type"": {""endIndexInSegment"": -1, ""startIndexInSegment"": -1, ""value"": ""Unspecified""}, ""Purpose"": {""endIndexInSegment"": -1, ""startIndexInSegment"": -1, ""value"": ""Unspecified""}}",10/27/07,http://www.uptodate.com/home/privacy-policy
6635,test_category_labeling_highlight,88,3731,2,First Party Collection/Use,"{""Collection Mode"": {""endIndexInSegment"": 297, ""startIndexInSegment"": 167, ""selectedText"": ""This information is collected only when you voluntarily provide it as part of the subscription process (\""Subscriber Information\"")."", ""value"": ""Explicit""}, ""Choice Scope"": {""endIndexInSegment"": -1, ""startIndexInSegment"": -1, ""value"": ""Unspecified""}, ""Action First-Party"": {""endIndexInSegment"": 297, ""startIndexInSegment"": 167, ""selectedText"": ""This information is collected only when you voluntarily provide it as part of the subscription process (\""Subscriber Information\"")."", ""value"": ""Collect on website""}, ""Personal Information Type"": {""endIndexInSegment"": 119, ""startIndexInSegment"": 76, ""selectedText"": ""nformation that specifically identifies you"", ""value"": ""Generic personal information""}, ""Choice Type"": {""endIndexInSegment"": -1, ""startIndexInSegment"": -1, ""value"": ""Unspecified""}, ""Identifiability"": {""endIndexInSegment"": 119, ""startIndexInSegment"": 75, ""selectedText"": ""information that specifically identifies you"", ""value"": ""Identifiable""}, ""Does/Does Not"": {""endIndexInSegment"": 297, ""startIndexInSegment"": 167, ""selectedText"": ""This information is collected only when you voluntarily provide it as part of the subscription process (\""Subscriber Information\"")."", ""value"": ""Does""}, ""User Type"": {""endIndexInSegment"": -1, ""startIndexInSegment"": -1, ""value"": ""Unspecified""}, ""Purpose"": {""endIndexInSegment"": 269, ""startIndexInSegment"": 234, ""selectedText"": ""as part of the subscription process"", ""value"": ""Basic service/feature""}}",10/27/07,http://www.uptodate.com/home/privacy-policy
7400,test_category_labeling_highlight,82,3731,2,First Party Collection/Use,"{""Collection Mode"": {""endIndexInSegment"": 61, ""startIndexInSegment"": 48, ""selectedText"": ""automatically"", ""value"": ""Implicit""}, ""Choice Scope"": {""endIndexInSegment"": -1, ""startIndexInSegment"": -1, ""value"": ""Unspecified""}, ""Action First-Party"": {""endIndexInSegment"": -1, ""startIndexInSegment"": -1, ""value"": ""Unspecified""}, ""Personal Information Type"": {""endIndexInSegment"": 165, ""startIndexInSegment"": 117, ""selectedText"": ""ou such as your name, address, or e-mail address"", ""value"": ""Contact""}, ""Choice Type"": {""endIndexInSegment"": -1, ""startIndexInSegment"": -1, ""value"": ""Unspecified""}, ""Identifiability"": {""endIndexInSegment"": 115, ""startIndexInSegment"": 73, ""selectedText"": ""y information that specifically identifies"", ""value"": ""Identifiable""}, ""Does/Does Not"": {""endIndexInSegment"": 47, ""startIndexInSegment"": 42, ""selectedText"": ""never"", ""value"": ""Does Not""}, ""User Type"": {""endIndexInSegment"": -1, ""startIndexInSegment"": -1, ""value"": ""Unspecified""}, ""Purpose"": {""endIndexInSegment"": 269, ""startIndexInSegment"": 249, ""selectedText"": ""subscription process"", ""value"": ""Unspecified""}}",10/27/07,http://www.uptodate.com/home/privacy-policy
7401,test_category_labeling_highlight,82,3731,2,First Party Collection/Use,"{""Collection Mode"": {""endIndexInSegment"": 230, ""startIndexInSegment"": 211, ""selectedText"": ""voluntarily provide"", ""value"": ""Explicit""}, ""Choice Scope"": {""endIndexInSegment"": -1, ""startIndexInSegment"": -1, ""value"": ""Unspecified""}, ""Action First-Party"": {""endIndexInSegment"": -1, ""startIndexInSegment"": -1, ""value"": ""Unspecified""}, ""Personal Information Type"": {""endIndexInSegment"": 165, ""startIndexInSegment"": 117, ""selectedText"": ""ou such as your name, address, or e-mail address"", ""value"": ""Contact""}, ""Choice Type"": {""endIndexInSegment"": -1, ""startIndexInSegment"": -1, ""value"": ""Unspecified""}, ""Identifiability"": {""endIndexInSegment"": 115, ""startIndexInSegment"": 73, ""selectedText"": ""y information that specifically identifies"", ""value"": ""Identifiable""}, ""Does/Does Not"": {""endIndexInSegment"": 271, ""startIndexInSegment"": 249, ""selectedText"": ""subscription process ("", ""value"": ""Does""}, ""User Type"": {""endIndexInSegment"": -1, ""startIndexInSegment"": -1, ""value"": ""Unspecified""}, ""Purpose"": {""endIndexInSegment"": 269, ""startIndexInSegment"": 249, ""selectedText"": ""subscription process"", ""value"": ""Basic service/feature""}}",10/27/07,http://www.uptodate.com/home/privacy-policy
5755,test_category_labeling_highlight,84,3731,3,User Choice/Control,"{""Choice Type"": {""endIndexInSegment"": 263, ""startIndexInSegment"": 31, ""selectedText"": ""It is your choice whether or not you provide your Subscriber Information to UpToDate, but Subscriber Information is required for UpToDate to provide you with services (for example, access to UpToDate under a subscription agreement)."", ""value"": ""Dont use service/feature""}, ""Choice Scope"": {""endIndexInSegment"": -1, ""startIndexInSegment"": -1, ""value"": ""Unspecified""}, ""User Type"": {""endIndexInSegment"": 103, ""startIndexInSegment"": 81, ""selectedText"": ""Subscriber Information"", ""value"": ""User with account""}, ""Purpose"": {""endIndexInSegment"": -1, ""startIndexInSegment"": -1, ""value"": ""Unspecified""}, ""Personal Information Type"": {""endIndexInSegment"": -1, ""startIndexInSegment"": -1, ""value"": ""Unspecified""}}",10/27/07,http://www.uptodate.com/home/privacy-policy
6636,test_category_labeling_highlight,88,3731,3,First Party Collection/Use,"{""Collection Mode"": {""endIndexInSegment"": 263, ""startIndexInSegment"": 31, ""selectedText"": ""It is your choice whether or not you provide your Subscriber Information to UpToDate, but Subscriber Information is required for UpToDate to provide you with services (for example, access to UpToDate under a subscription agreement)."", ""value"": ""Explicit""}, ""Choice Scope"": {""endIndexInSegment"": 103, ""startIndexInSegment"": 31, ""selectedText"": ""It is your choice whether or not you provide your Subscriber Information"", ""value"": ""Collection""}, ""Action First-Party"": {""endIndexInSegment"": 263, ""startIndexInSegment"": 31, ""selectedText"": ""It is your choice whether or not you provide your Subscriber Information to UpToDate, but Subscriber Information is required for UpToDate to provide you with services (for example, access to UpToDate under a subscription agreement)."", ""value"": ""Collect on website""}, ""Personal Information Type"": {""endIndexInSegment"": 103, ""startIndexInSegment"": 81, ""selectedText"": ""Subscriber Information"", ""value"": ""Generic personal information""}, ""Choice Type"": {""endIndexInSegment"": 103, ""startIndexInSegment"": 31, ""selectedText"": ""It is your choice whether or not you provide your Subscriber Information"", ""value"": ""Opt-in""}, ""Identifiability"": {""endIndexInSegment"": 103, ""startIndexInSegment"": 81, ""selectedText"": ""Subscriber Information"", ""value"": ""Identifiable""}, ""Does/Does Not"": {""endIndexInSegment"": 263, ""startIndexInSegment"": 31, ""selectedText"": ""It is your choice whether or not you provide your Subscriber Information to UpToDate, but Subscriber Information is required for UpToDate to provide you with services (for example, access to UpToDate under a subscription agreement)."", ""value"": ""Does""}, ""User Type"": {""endIndexInSegment"": 262, ""startIndexInSegment"": 212, ""selectedText"": ""access to UpToDate under a subscription agreement)"", ""value"": ""User with account""}, ""Purpose"": {""endIndexInSegment"": 197, ""startIndexInSegment"": 121, ""selectedText"": ""Subscriber Information is required for UpToDate to provide you with services"", ""value"": ""Basic service/feature""}}",10/27/07,http://www.uptodate.com/home/privacy-policy
7402,test_category_labeling_highlight,82,3731,3,User Choice/Control,"{""Choice Type"": {""endIndexInSegment"": 263, ""startIndexInSegment"": 118, ""selectedText"": ""ut Subscriber Information is required for UpToDate to provide you with services (for example, access to UpToDate under a subscription agreement)."", ""value"": ""Dont use service/feature""}, ""Choice Scope"": {""endIndexInSegment"": 263, ""startIndexInSegment"": 117, ""selectedText"": ""but Subscriber Information is required for UpToDate to provide you with services (for example, access to UpToDate under a subscription agreement)."", ""value"": ""First party collection""}, ""User Type"": {""endIndexInSegment"": -1, ""startIndexInSegment"": -1, ""value"": ""Unspecified""}, ""Purpose"": {""endIndexInSegment"": 263, ""startIndexInSegment"": 144, ""selectedText"": ""is required for UpToDate to provide you with services (for example, access to UpToDate under a subscription agreement)."", ""value"": ""Basic service/feature""}, ""Personal Information Type"": {""endIndexInSegment"": 143, ""startIndexInSegment"": 121, ""selectedText"": ""Subscriber Information"", ""value"": ""Unspecified""}}",10/27/07,http://www.uptodate.com/home/privacy-policy
5756,test_category_labeling_highlight,84,3731,4,First Party Collection/Use,"{""Collection Mode"": {""endIndexInSegment"": -1, ""startIndexInSegment"": -1, ""value"": ""Unspecified""}, ""Choice Scope"": {""endIndexInSegment"": -1, ""startIndexInSegment"": -1, ""value"": ""Unspecified""}, ""Action First-Party"": {""endIndexInSegment"": -1, ""startIndexInSegment"": -1, ""value"": ""Unspecified""}, ""Personal Information Type"": {""endIndexInSegment"": 165, ""startIndexInSegment"": 143, ""selectedText"": ""Subscriber Information"", ""value"": ""Generic personal information""}, ""Choice Type"": {""endIndexInSegment"": -1, ""startIndexInSegment"": -1, ""value"": ""Unspecified""}, ""Identifiability"": {""endIndexInSegment"": -1, ""startIndexInSegment"": -1, ""value"": ""Unspecified""}, ""Does/Does Not"": {""endIndexInSegment"": 71, ""startIndexInSegment"": 68, ""selectedText"": ""may"", ""value"": ""Does""}, ""User Type"": {""endIndexInSegment"": 55, ""startIndexInSegment"": 45, ""selectedText"": ""Subscriber"", ""value"": ""User with account""}, ""Purpose"": {""endIndexInSegment"": 247, ""startIndexInSegment"": 189, ""selectedText"": ""ubscription services to you and process your transactions,"", ""value"": ""Basic service/feature""}}",10/27/07,http://www.uptodate.com/home/privacy-policy
5757,test_category_labeling_highlight,84,3731,4,First Party Collection/Use,"{""Collection Mode"": {""endIndexInSegment"": -1, ""startIndexInSegment"": -1, ""value"": ""Unspecified""}, ""Choice Scope"": {""endIndexInSegment"": -1, ""startIndexInSegment"": -1, ""value"": ""Unspecified""}, ""Action First-Party"": {""endIndexInSegment"": -1, ""startIndexInSegment"": -1, ""value"": ""Unspecified""}, ""Personal Information Type"": {""endIndexInSegment"": 165, ""startIndexInSegment"": 143, ""selectedText"": ""Subscriber Information"", ""value"": ""Generic personal information""}, ""Choice Type"": {""endIndexInSegment"": -1, ""startIndexInSegment"": -1, ""value"": ""Unspecified""}, ""Identifiability"": {""endIndexInSegment"": -1, ""startIndexInSegment"": -1, ""value"": ""Unspecified""}, ""Does/Does Not"": {""endIndexInSegment"": 71, ""startIndexInSegment"": 68, ""selectedText"": ""may"", ""value"": ""Does""}, ""User Type"": {""endIndexInSegment"": 55, ""startIndexInSegment"": 45, ""selectedText"": ""Subscriber"", ""value"": ""User with account""}, ""Purpose"": {""endIndexInSegment"": 320, ""startIndexInSegment"": 309, ""selectedText"": ""communicate"", ""value"": ""Marketing""}}",10/27/07,http://www.uptodate.com/home/privacy-policy
5758,test_category_labeling_highlight,84,3731,4,First Party Collection/Use,"{""Collection Mode"": {""endIndexInSegment"": -1, ""startIndexInSegment"": -1, ""value"": ""Unspecified""}, ""Choice Scope"": {""endIndexInSegment"": -1, ""startIndexInSegment"": -1, ""value"": ""Unspecified""}, ""Action First-Party"": {""endIndexInSegment"": -1, ""startIndexInSegment"": -1, ""value"": ""Unspecified""}, ""Personal Information Type"": {""endIndexInSegment"": 165, ""startIndexInSegment"": 143, ""selectedText"": ""Subscriber Information"", ""value"": ""Generic personal information""}, ""Choice Type"": {""endIndexInSegment"": -1, ""startIndexInSegment"": -1, ""value"": ""Unspecified""}, ""Identifiability"": {""endIndexInSegment"": -1, ""startIndexInSegment"": -1, ""value"": ""Unspecified""}, ""Does/Does Not"": {""endIndexInSegment"": 71, ""startIndexInSegment"": 68, ""selectedText"": ""may"", ""value"": ""Does""}, ""User Type"": {""endIndexInSegment"": 55, ""startIndexInSegment"": 45, ""selectedText"": ""Subscriber"", ""value"": ""User with account""}, ""Purpose"": {""endIndexInSegment"": 428, ""startIndexInSegment"": 421, ""selectedText"": ""improve"", ""value"": ""Personalization/Customization""}}",10/27/07,http://www.uptodate.com/home/privacy-policy
5759,test_category_labeling_highlight,84,3731,4,First Party Collection/Use,"{""Collection Mode"": {""endIndexInSegment"": -1, ""startIndexInSegment"": -1, ""value"": ""Unspecified""}, ""Choice Scope"": {""endIndexInSegment"": -1, ""startIndexInSegment"": -1, ""value"": ""Unspecified""}, ""Action First-Party"": {""endIndexInSegment"": -1, ""startIndexInSegment"": -1, ""value"": ""Unspecified""}, ""Personal Information Type"": {""endIndexInSegment"": 165, ""startIndexInSegment"": 143, ""selectedText"": ""Subscriber Information"", ""value"": ""Generic personal information""}, ""Choice Type"": {""endIndexInSegment"": -1, ""startIndexInSegment"": -1, ""value"": ""Unspecified""}, ""Identifiability"": {""endIndexInSegment"": -1, ""startIndexInSegment"": -1, ""value"": ""Unspecified""}, ""Does/Does Not"": {""endIndexInSegment"": 71, ""startIndexInSegment"": 68, ""selectedText"": ""may"", ""value"": ""Does""}, ""User Type"": {""endIndexInSegment"": 55, ""startIndexInSegment"": 45, ""selectedText"": ""Subscriber"", ""value"": ""User with account""}, ""Purpose"": {""endIndexInSegment"": 392, ""startIndexInSegment"": 382, ""selectedText"": ""understand"", ""value"": ""Analytics/Research""}}",10/27/07,http://www.uptodate.com/home/privacy-policy
5760,test_category_labeling_highlight,84,3731,4,Third Party Sharing/Collection,"{""Third Party Entity"": {""endIndexInSegment"": -1, ""startIndexInSegment"": -1, ""value"": ""Unspecified""}, ""Choice Scope"": {""endIndexInSegment"": -1, ""startIndexInSegment"": -1, ""value"": ""Unspecified""}, ""Purpose"": {""endIndexInSegment"": 789, ""startIndexInSegment"": 617, ""selectedText"": ""ommit unlawful acts, and/or if disclosure of your Subscriber Information is required to comply with applicable laws or regulations, or with a court or administrative order."", ""value"": ""Legal requirement""}, ""Personal Information Type"": {""endIndexInSegment"": 29, ""startIndexInSegment"": 7, ""selectedText"": ""Subscriber Information"", ""value"": ""Generic personal information""}, ""Choice Type"": {""endIndexInSegment"": -1, ""startIndexInSegment"": -1, ""value"": ""Unspecified""}, ""Identifiability"": {""endIndexInSegment"": -1, ""startIndexInSegment"": -1, ""value"": ""Unspecified""}, ""Does/Does Not"": {""endIndexInSegment"": 482, ""startIndexInSegment"": 477, ""selectedText"": ""right"", ""value"": ""Does""}, ""User Type"": {""endIndexInSegment"": 29, ""startIndexInSegment"": 7, ""selectedText"": ""Subscriber Information"", ""value"": ""User with account""}, ""Action Third Party"": {""endIndexInSegment"": 494, ""startIndexInSegment"": 486, ""selectedText"": ""disclose"", ""value"": ""Receive/Shared with""}}",10/27/07,http://www.uptodate.com/home/privacy-policy
6649,test_category_labeling_highlight,88,3731,4,Third Party Sharing/Collection,"{""Third Party Entity"": {""endIndexInSegment"": 789, ""startIndexInSegment"": 455, ""selectedText"": ""UpToDate reserves the right to disclose your Subscriber Information under limited circumstances in the event UpToDate believes that the Website is being used to commit unlawful acts, and/or if disclosure of your Subscriber Information is required to comply with applicable laws or regulations, or with a court or administrative order."", ""value"": ""Unnamed third party""}, ""Choice Scope"": {""endIndexInSegment"": -1, ""startIndexInSegment"": -1, ""value"": ""Unspecified""}, ""Purpose"": {""endIndexInSegment"": 789, ""startIndexInSegment"": 690, ""selectedText"": ""is required to comply with applicable laws or regulations, or with a court or administrative order."", ""value"": ""Legal requirement""}, ""Personal Information Type"": {""endIndexInSegment"": 29, ""startIndexInSegment"": 7, ""selectedText"": ""Subscriber Information"", ""value"": ""Generic personal information""}, ""Choice Type"": {""endIndexInSegment"": -1, ""startIndexInSegment"": -1, ""value"": ""Unspecified""}, ""Identifiability"": {""endIndexInSegment"": 29, ""startIndexInSegment"": 7, ""selectedText"": ""Subscriber Information"", ""value"": ""Identifiable""}, ""Does/Does Not"": {""endIndexInSegment"": 789, ""startIndexInSegment"": 455, ""selectedText"": ""UpToDate reserves the right to disclose your Subscriber Information under limited circumstances in the event UpToDate believes that the Website is being used to commit unlawful acts, and/or if disclosure of your Subscriber Information is required to comply with applicable laws or regulations, or with a court or administrative order."", ""value"": ""Does""}, ""User Type"": {""endIndexInSegment"": -1, ""startIndexInSegment"": -1, ""value"": ""Unspecified""}, ""Action Third Party"": {""endIndexInSegment"": 789, ""startIndexInSegment"": 455, ""selectedText"": ""UpToDate reserves the right to disclose your Subscriber Information under limited circumstances in the event UpToDate believes that the Website is being used to commit unlawful acts, and/or if disclosure of your Subscriber Information is required to comply with applicable laws or regulations, or with a court or administrative order."", ""value"": ""Receive/Shared with""}}",10/27/07,http://www.uptodate.com/home/privacy-policy
6650,test_category_labeling_highlight,88,3731,4,First Party Collection/Use,"{""Collection Mode"": {""endIndexInSegment"": 441, ""startIndexInSegment"": 40, ""selectedText"": ""Your Subscriber Information may be used internally within UpToDate. For example, UpToDate may use your Subscriber Information internally to provide subscription services to you and process your transactions, to contact you for customer service and billing purposes, to communicate to you about your subscription or changes to our service, to understand who uses the Website and to improve the Website."", ""value"": ""Unspecified""}, ""Choice Scope"": {""endIndexInSegment"": -1, ""startIndexInSegment"": -1, ""value"": ""Unspecified""}, ""Action First-Party"": {""endIndexInSegment"": 441, ""startIndexInSegment"": 40, ""selectedText"": ""Your Subscriber Information may be used internally within UpToDate. For example, UpToDate may use your Subscriber Information internally to provide subscription services to you and process your transactions, to contact you for customer service and billing purposes, to communicate to you about your subscription or changes to our service, to understand who uses the Website and to improve the Website."", ""value"": ""Collect on website""}, ""Personal Information Type"": {""endIndexInSegment"": 29, ""startIndexInSegment"": 7, ""selectedText"": ""Subscriber Information"", ""value"": ""Generic personal information""}, ""Choice Type"": {""endIndexInSegment"": -1, ""startIndexInSegment"": -1, ""value"": ""Unspecified""}, ""Identifiability"": {""endIndexInSegment"": 29, ""startIndexInSegment"": 7, ""selectedText"": ""Subscriber Information"", ""value"": ""Identifiable""}, ""Does/Does Not"": {""endIndexInSegment"": 441, ""startIndexInSegment"": 40, ""selectedText"": ""Your Subscriber Information may be used internally within UpToDate. For example, UpToDate may use your Subscriber Information internally to provide subscription services to you and process your transactions, to contact you for customer service and billing purposes, to communicate to you about your subscription or changes to our service, to understand who uses the Website and to improve the Website."", ""value"": ""Does""}, ""User Type"": {""endIndexInSegment"": -1, ""startIndexInSegment"": -1, ""value"": ""Unspecified""}, ""Purpose"": {""endIndexInSegment"": 378, ""startIndexInSegment"": 177, ""selectedText"": ""to provide subscription services to you and process your transactions, to contact you for customer service and billing purposes, to communicate to you about your subscription or changes to our service,"", ""value"": ""Basic service/feature""}}",10/27/07,http://www.uptodate.com/home/privacy-policy
6651,test_category_labeling_highlight,88,3731,4,First Party Collection/Use,"{""Collection Mode"": {""endIndexInSegment"": 441, ""startIndexInSegment"": 40, ""selectedText"": ""Your Subscriber Information may be used internally within UpToDate. For example, UpToDate may use your Subscriber Information internally to provide subscription services to you and process your transactions, to contact you for customer service and billing purposes, to communicate to you about your subscription or changes to our service, to understand who uses the Website and to improve the Website."", ""value"": ""Unspecified""}, ""Choice Scope"": {""endIndexInSegment"": -1, ""startIndexInSegment"": -1, ""value"": ""Unspecified""}, ""Action First-Party"": {""endIndexInSegment"": 441, ""startIndexInSegment"": 40, ""selectedText"": ""Your Subscriber Information may be used internally within UpToDate. For example, UpToDate may use your Subscriber Information internally to provide subscription services to you and process your transactions, to contact you for customer service and billing purposes, to communicate to you about your subscription or changes to our service, to understand who uses the Website and to improve the Website."", ""value"": ""Collect on website""}, ""Personal Information Type"": {""endIndexInSegment"": 29, ""startIndexInSegment"": 7, ""selectedText"": ""Subscriber Information"", ""value"": ""Generic personal information""}, ""Choice Type"": {""endIndexInSegment"": -1, ""startIndexInSegment"": -1, ""value"": ""Unspecified""}, ""Identifiability"": {""endIndexInSegment"": 29, ""startIndexInSegment"": 7, ""selectedText"": ""Subscriber Information"", ""value"": ""Identifiable""}, ""Does/Does Not"": {""endIndexInSegment"": 441, ""startIndexInSegment"": 40, ""selectedText"": ""Your Subscriber Information may be used internally within UpToDate. For example, UpToDate may use your Subscriber Information internally to provide subscription services to you and process your transactions, to contact you for customer service and billing purposes, to communicate to you about your subscription or changes to our service, to understand who uses the Website and to improve the Website."", ""value"": ""Does""}, ""User Type"": {""endIndexInSegment"": -1, ""startIndexInSegment"": -1, ""value"": ""Unspecified""}, ""Purpose"": {""endIndexInSegment"": 441, ""startIndexInSegment"": 379, ""selectedText"": ""to understand who uses the Website and to improve the Website."", ""value"": ""Analytics/Research""}}",10/27/07,http://www.uptodate.com/home/privacy-policy
7403,test_category_labeling_highlight,82,3731,4,Third Party Sharing/Collection,"{""Third Party Entity"": {""endIndexInSegment"": -1, ""startIndexInSegment"": -1, ""value"": ""Unspecified""}, ""Choice Scope"": {""endIndexInSegment"": -1, ""startIndexInSegment"": -1, ""value"": ""Unspecified""}, ""Purpose"": {""endIndexInSegment"": 789, ""startIndexInSegment"": 599, ""selectedText"": ""is being used to commit unlawful acts, and/or if disclosure of your Subscriber Information is required to comply with applicable laws or regulations, or with a court or administrative order."", ""value"": ""Legal requirement""}, ""Personal Information Type"": {""endIndexInSegment"": -1, ""startIndexInSegment"": -1, ""value"": ""Unspecified""}, ""Choice Type"": {""endIndexInSegment"": -1, ""startIndexInSegment"": -1, ""value"": ""Unspecified""}, ""Identifiability"": {""endIndexInSegment"": -1, ""startIndexInSegment"": -1, ""value"": ""Unspecified""}, ""Does/Does Not"": {""endIndexInSegment"": -1, ""startIndexInSegment"": -1, ""value"": ""Does""}, ""User Type"": {""endIndexInSegment"": -1, ""startIndexInSegment"": -1, ""value"": ""Unspecified""}, ""Action Third Party"": {""endIndexInSegment"": 494, ""startIndexInSegment"": 455, ""selectedText"": ""UpToDate reserves the right to disclose"", ""value"": ""Receive/Shared with""}}",10/27/07,http://www.uptodate.com/home/privacy-policy
7404,test_category_labeling_highlight,82,3731,4,Third Party Sharing/Collection,"{""Third Party Entity"": {""endIndexInSegment"": -1, ""startIndexInSegment"": -1, ""value"": ""Unspecified""}, ""Choice Scope"": {""endIndexInSegment"": -1, ""startIndexInSegment"": -1, ""value"": ""Unspecified""}, ""Purpose"": {""endIndexInSegment"": 789, ""startIndexInSegment"": 599, ""selectedText"": ""is being used to commit unlawful acts, and/or if disclosure of your Subscriber Information is required to comply with applicable laws or regulations, or with a court or administrative order."", ""value"": ""Service operation and security""}, ""Personal Information Type"": {""endIndexInSegment"": -1, ""startIndexInSegment"": -1, ""value"": ""Unspecified""}, ""Choice Type"": {""endIndexInSegment"": -1, ""startIndexInSegment"": -1, ""value"": ""Unspecified""}, ""Identifiability"": {""endIndexInSegment"": -1, ""startIndexInSegment"": -1, ""value"": ""Unspecified""}, ""Does/Does Not"": {""endIndexInSegment"": -1, ""startIndexInSegment"": -1, ""value"": ""Does""}, ""User Type"": {""endIndexInSegment"": -1, ""startIndexInSegment"": -1, ""value"": ""Unspecified""}, ""Action Third Party"": {""endIndexInSegment"": 494, ""startIndexInSegment"": 455, ""selectedText"": ""UpToDate reserves the right to disclose"", ""value"": ""Receive/Shared with""}}",10/27/07,http://www.uptodate.com/home/privacy-policy
7405,test_category_labeling_highlight,82,3731,4,Third Party Sharing/Collection,"{""Third Party Entity"": {""endIndexInSegment"": 106, ""startIndexInSegment"": 68, ""selectedText"": ""may be used internally within UpToDate"", ""value"": ""Other part of company/affiliate""}, ""Choice Scope"": {""endIndexInSegment"": -1, ""startIndexInSegment"": -1, ""value"": ""Unspecified""}, ""Purpose"": {""endIndexInSegment"": 378, ""startIndexInSegment"": 201, ""selectedText"": ""services to you and process your transactions, to contact you for customer service and billing purposes, to communicate to you about your subscription or changes to our service,"", ""value"": ""Basic service/feature""}, ""Personal Information Type"": {""endIndexInSegment"": 164, ""startIndexInSegment"": 143, ""selectedText"": ""Subscriber Informatio"", ""value"": ""Unspecified""}, ""Choice Type"": {""endIndexInSegment"": -1, ""startIndexInSegment"": -1, ""value"": ""Unspecified""}, ""Identifiability"": {""endIndexInSegment"": -1, ""startIndexInSegment"": -1, ""value"": ""Unspecified""}, ""Does/Does Not"": {""endIndexInSegment"": -1, ""startIndexInSegment"": -1, ""value"": ""Does""}, ""User Type"": {""endIndexInSegment"": -1, ""startIndexInSegment"": -1, ""value"": ""Unspecified""}, ""Action Third Party"": {""endIndexInSegment"": 107, ""startIndexInSegment"": 40, ""selectedText"": ""Your Subscriber Information may be used internally within UpToDate."", ""value"": ""Receive/Shared with""}}",10/27/07,http://www.uptodate.com/home/privacy-policy
7406,test_category_labeling_highlight,82,3731,4,Third Party Sharing/Collection,"{""Third Party Entity"": {""endIndexInSegment"": 106, ""startIndexInSegment"": 68, ""selectedText"": ""may be used internally within UpToDate"", ""value"": ""Other part of company/affiliate""}, ""Choice Scope"": {""endIndexInSegment"": -1, ""startIndexInSegment"": -1, ""value"": ""Unspecified""}, ""Purpose"": {""endIndexInSegment"": 441, ""startIndexInSegment"": 379, ""selectedText"": ""to understand who uses the Website and to improve the Website."", ""value"": ""Analytics/Research""}, ""Personal Information Type"": {""endIndexInSegment"": 164, ""startIndexInSegment"": 143, ""selectedText"": ""Subscriber Informatio"", ""value"": ""Unspecified""}, ""Choice Type"": {""endIndexInSegment"": -1, ""startIndexInSegment"": -1, ""value"": ""Unspecified""}, ""Identifiability"": {""endIndexInSegment"": -1, ""startIndexInSegment"": -1, ""value"": ""Unspecified""}, ""Does/Does Not"": {""endIndexInSegment"": -1, ""startIndexInSegment"": -1, ""value"": ""Does""}, ""User Type"": {""endIndexInSegment"": -1, ""startIndexInSegment"": -1, ""value"": ""Unspecified""}, ""Action Third Party"": {""endIndexInSegment"": 107, ""startIndexInSegment"": 40, ""selectedText"": ""Your Subscriber Information may be used internally within UpToDate."", ""value"": ""Receive/Shared with""}}",10/27/07,http://www.uptodate.com/home/privacy-policy
7407,test_category_labeling_highlight,82,3731,4,Third Party Sharing/Collection,"{""Third Party Entity"": {""endIndexInSegment"": 106, ""startIndexInSegment"": 68, ""selectedText"": ""may be used internally within UpToDate"", ""value"": ""Other part of company/affiliate""}, ""Choice Scope"": {""endIndexInSegment"": -1, ""startIndexInSegment"": -1, ""value"": ""Unspecified""}, ""Purpose"": {""endIndexInSegment"": 304, ""startIndexInSegment"": 166, ""selectedText"": ""internally to provide subscription services to you and process your transactions, to contact you for customer service and billing purposes"", ""value"": ""Additional service/feature""}, ""Personal Information Type"": {""endIndexInSegment"": 164, ""startIndexInSegment"": 143, ""selectedText"": ""Subscriber Informatio"", ""value"": ""Unspecified""}, ""Choice Type"": {""endIndexInSegment"": -1, ""startIndexInSegment"": -1, ""value"": ""Unspecified""}, ""Identifiability"": {""endIndexInSegment"": -1, ""startIndexInSegment"": -1, ""value"": ""Unspecified""}, ""Does/Does Not"": {""endIndexInSegment"": -1, ""startIndexInSegment"": -1, ""value"": ""Does""}, ""User Type"": {""endIndexInSegment"": -1, ""startIndexInSegment"": -1, ""value"": ""Unspecified""}, ""Action Third Party"": {""endIndexInSegment"": 107, ""startIndexInSegment"": 40, ""selectedText"": ""Your Subscriber Information may be used internally within UpToDate."", ""value"": ""Receive/Shared with""}}",10/27/07,http://www.uptodate.com/home/privacy-policy
5761,test_category_labeling_highlight,84,3731,5,Other,"{""Other Type"": {""endIndexInSegment"": 303, ""startIndexInSegment"": 28, ""selectedText"": ""Non-personally identifying information (\""Usage Information\"") comprises information that does not identify any particular user. Examples include: information about which of UpToDate's pages are visited on an aggregate level, browser type, operating system type, or IP address."", ""value"": ""Introductory/Generic""}}",10/27/07,http://www.uptodate.com/home/privacy-policy
6652,test_category_labeling_highlight,88,3731,5,First Party Collection/Use,"{""Collection Mode"": {""endIndexInSegment"": -1, ""startIndexInSegment"": -1, ""value"": ""Unspecified""}, ""Choice Scope"": {""endIndexInSegment"": -1, ""startIndexInSegment"": -1, ""value"": ""Unspecified""}, ""Action First-Party"": {""endIndexInSegment"": -1, ""startIndexInSegment"": -1, ""value"": ""Unspecified""}, ""Personal Information Type"": {""endIndexInSegment"": 250, ""startIndexInSegment"": 173, ""selectedText"": ""information about which of UpToDate's pages are visited on an aggregate level"", ""value"": ""User online activities""}, ""Choice Type"": {""endIndexInSegment"": -1, ""startIndexInSegment"": -1, ""value"": ""Unspecified""}, ""Identifiability"": {""endIndexInSegment"": 88, ""startIndexInSegment"": 28, ""selectedText"": ""Non-personally identifying information (\""Usage Information\"")"", ""value"": ""Aggregated or anonymized""}, ""Does/Does Not"": {""endIndexInSegment"": 303, ""startIndexInSegment"": 28, ""selectedText"": ""Non-personally identifying information (\""Usage Information\"") comprises information that does not identify any particular user. Examples include: information about which of UpToDate's pages are visited on an aggregate level, browser type, operating system type, or IP address."", ""value"": ""Does""}, ""User Type"": {""endIndexInSegment"": -1, ""startIndexInSegment"": -1, ""value"": ""Unspecified""}, ""Purpose"": {""endIndexInSegment"": -1, ""startIndexInSegment"": -1, ""value"": ""Unspecified""}}",10/27/07,http://www.uptodate.com/home/privacy-policy
6653,test_category_labeling_highlight,88,3731,5,First Party Collection/Use,"{""Collection Mode"": {""endIndexInSegment"": -1, ""startIndexInSegment"": -1, ""value"": ""Unspecified""}, ""Choice Scope"": {""endIndexInSegment"": -1, ""startIndexInSegment"": -1, ""value"": ""Unspecified""}, ""Action First-Party"": {""endIndexInSegment"": -1, ""startIndexInSegment"": -1, ""value"": ""Unspecified""}, ""Personal Information Type"": {""endIndexInSegment"": 287, ""startIndexInSegment"": 252, ""selectedText"": ""browser type, operating system type"", ""value"": ""Computer information""}, ""Choice Type"": {""endIndexInSegment"": -1, ""startIndexInSegment"": -1, ""value"": ""Unspecified""}, ""Identifiability"": {""endIndexInSegment"": 88, ""startIndexInSegment"": 28, ""selectedText"": ""Non-personally identifying information (\""Usage Information\"")"", ""value"": ""Aggregated or anonymized""}, ""Does/Does Not"": {""endIndexInSegment"": 303, ""startIndexInSegment"": 28, ""selectedText"": ""Non-personally identifying information (\""Usage Information\"") comprises information that does not identify any particular user. Examples include: information about which of UpToDate's pages are visited on an aggregate level, browser type, operating system type, or IP address."", ""value"": ""Does""}, ""User Type"": {""endIndexInSegment"": -1, ""startIndexInSegment"": -1, ""value"": ""Unspecified""}, ""Purpose"": {""endIndexInSegment"": -1, ""startIndexInSegment"": -1, ""value"": ""Unspecified""}}",10/27/07,http://www.uptodate.com/home/privacy-policy
6654,test_category_labeling_highlight,88,3731,5,First Party Collection/Use,"{""Collection Mode"": {""endIndexInSegment"": -1, ""startIndexInSegment"": -1, ""value"": ""Unspecified""}, ""Choice Scope"": {""endIndexInSegment"": -1, ""startIndexInSegment"": -1, ""value"": ""Unspecified""}, ""Action First-Party"": {""endIndexInSegment"": -1, ""startIndexInSegment"": -1, ""value"": ""Unspecified""}, ""Personal Information Type"": {""endIndexInSegment"": 303, ""startIndexInSegment"": 292, ""selectedText"": ""IP address."", ""value"": ""IP address and device IDs""}, ""Choice Type"": {""endIndexInSegment"": -1, ""startIndexInSegment"": -1, ""value"": ""Unspecified""}, ""Identifiability"": {""endIndexInSegment"": 88, ""startIndexInSegment"": 28, ""selectedText"": ""Non-personally identifying information (\""Usage Information\"")"", ""value"": ""Aggregated or anonymized""}, ""Does/Does Not"": {""endIndexInSegment"": 303, ""startIndexInSegment"": 28, ""selectedText"": ""Non-personally identifying information (\""Usage Information\"") comprises information that does not identify any particular user. Examples include: information about which of UpToDate's pages are visited on an aggregate level, browser type, operating system type, or IP address."", ""value"": ""Does""}, ""User Type"": {""endIndexInSegment"": -1, ""startIndexInSegment"": -1, ""value"": ""Unspecified""}, ""Purpose"": {""endIndexInSegment"": -1, ""startIndexInSegment"": -1, ""value"": ""Unspecified""}}",10/27/07,http://www.uptodate.com/home/privacy-policy
7399,test_category_labeling_highlight,82,3731,5,Other,"{""Other Type"": {""endIndexInSegment"": 303, ""startIndexInSegment"": 28, ""selectedText"": ""Non-personally identifying information (\""Usage Information\"") comprises information that does not identify any particular user. Examples include: information about which of UpToDate's pages are visited on an aggregate level, browser type, operating system type, or IP address."", ""value"": ""Introductory/Generic""}}",10/27/07,http://www.uptodate.com/home/privacy-policy
5762,test_category_labeling_highlight,84,3731,6,Third Party Sharing/Collection,"{""Third Party Entity"": {""endIndexInSegment"": 101, ""startIndexInSegment"": 86, ""selectedText"": ""within UpToDate"", ""value"": ""Other part of company/affiliate""}, ""Choice Scope"": {""endIndexInSegment"": -1, ""startIndexInSegment"": -1, ""value"": ""Unspecified""}, ""Purpose"": {""endIndexInSegment"": 206, ""startIndexInSegment"": 196, ""selectedText"": ""understand"", ""value"": ""Analytics/Research""}, ""Personal Information Type"": {""endIndexInSegment"": 57, ""startIndexInSegment"": 40, ""selectedText"": ""Usage Information"", ""value"": ""Generic personal information""}, ""Choice Type"": {""endIndexInSegment"": -1, ""startIndexInSegment"": -1, ""value"": ""Unspecified""}, ""Identifiability"": {""endIndexInSegment"": 45, ""startIndexInSegment"": 40, ""selectedText"": ""Usage"", ""value"": ""Aggregated or anonymized""}, ""Does/Does Not"": {""endIndexInSegment"": 61, ""startIndexInSegment"": 58, ""selectedText"": ""may"", ""value"": ""Does""}, ""User Type"": {""endIndexInSegment"": -1, ""startIndexInSegment"": -1, ""value"": ""Unspecified""}, ""Action Third Party"": {""endIndexInSegment"": 74, ""startIndexInSegment"": 65, ""selectedText"": ""disclosed"", ""value"": ""Receive/Shared with""}}",10/27/07,http://www.uptodate.com/home/privacy-policy
5763,test_category_labeling_highlight,84,3731,6,Third Party Sharing/Collection,"{""Third Party Entity"": {""endIndexInSegment"": 101, ""startIndexInSegment"": 86, ""selectedText"": ""within UpToDate"", ""value"": ""Other part of company/affiliate""}, ""Choice Scope"": {""endIndexInSegment"": -1, ""startIndexInSegment"": -1, ""value"": ""Unspecified""}, ""Purpose"": {""endIndexInSegment"": 264, ""startIndexInSegment"": 257, ""selectedText"": ""improve"", ""value"": ""Personalization/Customization""}, ""Personal Information Type"": {""endIndexInSegment"": 57, ""startIndexInSegment"": 40, ""selectedText"": ""Usage Information"", ""value"": ""Generic personal information""}, ""Choice Type"": {""endIndexInSegment"": -1, ""startIndexInSegment"": -1, ""value"": ""Unspecified""}, ""Identifiability"": {""endIndexInSegment"": 45, ""startIndexInSegment"": 40, ""selectedText"": ""Usage"", ""value"": ""Aggregated or anonymized""}, ""Does/Does Not"": {""endIndexInSegment"": 61, ""startIndexInSegment"": 58, ""selectedText"": ""may"", ""value"": ""Does""}, ""User Type"": {""endIndexInSegment"": -1, ""startIndexInSegment"": -1, ""value"": ""Unspecified""}, ""Action Third Party"": {""endIndexInSegment"": 74, ""startIndexInSegment"": 65, ""selectedText"": ""disclosed"", ""value"": ""Receive/Shared with""}}",10/27/07,http://www.uptodate.com/home/privacy-policy
5764,test_category_labeling_highlight,84,3731,6,Third Party Sharing/Collection,"{""Third Party Entity"": {""endIndexInSegment"": 101, ""startIndexInSegment"": 86, ""selectedText"": ""within UpToDate"", ""value"": ""Other part of company/affiliate""}, ""Choice Scope"": {""endIndexInSegment"": -1, ""startIndexInSegment"": -1, ""value"": ""Unspecified""}, ""Purpose"": {""endIndexInSegment"": 310, ""startIndexInSegment"": 301, ""selectedText"": ""marketing"", ""value"": ""Marketing""}, ""Personal Information Type"": {""endIndexInSegment"": 57, ""startIndexInSegment"": 40, ""selectedText"": ""Usage Information"", ""value"": ""Generic personal information""}, ""Choice Type"": {""endIndexInSegment"": -1, ""startIndexInSegment"": -1, ""value"": ""Unspecified""}, ""Identifiability"": {""endIndexInSegment"": 45, ""startIndexInSegment"": 40, ""selectedText"": ""Usage"", ""value"": ""Aggregated or anonymized""}, ""Does/Does Not"": {""endIndexInSegment"": 61, ""startIndexInSegment"": 58, ""selectedText"": ""may"", ""value"": ""Does""}, ""User Type"": {""endIndexInSegment"": -1, ""startIndexInSegment"": -1, ""value"": ""Unspecified""}, ""Action Third Party"": {""endIndexInSegment"": 74, ""startIndexInSegment"": 65, ""selectedText"": ""disclosed"", ""value"": ""Receive/Shared with""}}",10/27/07,http://www.uptodate.com/home/privacy-policy
5765,test_category_labeling_highlight,84,3731,6,Third Party Sharing/Collection,"{""Third Party Entity"": {""endIndexInSegment"": 101, ""startIndexInSegment"": 86, ""selectedText"": ""within UpToDate"", ""value"": ""Other part of company/affiliate""}, ""Choice Scope"": {""endIndexInSegment"": -1, ""startIndexInSegment"": -1, ""value"": ""Unspecified""}, ""Purpose"": {""endIndexInSegment"": 323, ""startIndexInSegment"": 312, ""selectedText"": ""advertising"", ""value"": ""Advertising""}, ""Personal Information Type"": {""endIndexInSegment"": 57, ""startIndexInSegment"": 40, ""selectedText"": ""Usage Information"", ""value"": ""Generic personal information""}, ""Choice Type"": {""endIndexInSegment"": -1, ""startIndexInSegment"": -1, ""value"": ""Unspecified""}, ""Identifiability"": {""endIndexInSegment"": 45, ""startIndexInSegment"": 40, ""selectedText"": ""Usage"", ""value"": ""Aggregated or anonymized""}, ""Does/Does Not"": {""endIndexInSegment"": 61, ""startIndexInSegment"": 58, ""selectedText"": ""may"", ""value"": ""Does""}, ""User Type"": {""endIndexInSegment"": -1, ""startIndexInSegment"": -1, ""value"": ""Unspecified""}, ""Action Third Party"": {""endIndexInSegment"": 74, ""startIndexInSegment"": 65, ""selectedText"": ""disclosed"", ""value"": ""Receive/Shared with""}}",10/27/07,http://www.uptodate.com/home/privacy-policy
5766,test_category_labeling_highlight,84,3731,6,Third Party Sharing/Collection,"{""Third Party Entity"": {""endIndexInSegment"": 122, ""startIndexInSegment"": 106, ""selectedText"": ""to third parties"", ""value"": ""Unnamed third party""}, ""Choice Scope"": {""endIndexInSegment"": -1, ""startIndexInSegment"": -1, ""value"": ""Unspecified""}, ""Purpose"": {""endIndexInSegment"": 323, ""startIndexInSegment"": 312, ""selectedText"": ""advertising"", ""value"": ""Advertising""}, ""Personal Information Type"": {""endIndexInSegment"": 57, ""startIndexInSegment"": 40, ""selectedText"": ""Usage Information"", ""value"": ""Generic personal information""}, ""Choice Type"": {""endIndexInSegment"": -1, ""startIndexInSegment"": -1, ""value"": ""Unspecified""}, ""Identifiability"": {""endIndexInSegment"": 45, ""startIndexInSegment"": 40, ""selectedText"": ""Usage"", ""value"": ""Aggregated or anonymized""}, ""Does/Does Not"": {""endIndexInSegment"": 61, ""startIndexInSegment"": 58, ""selectedText"": ""may"", ""value"": ""Does""}, ""User Type"": {""endIndexInSegment"": -1, ""startIndexInSegment"": -1, ""value"": ""Unspecified""}, ""Action Third Party"": {""endIndexInSegment"": 74, ""startIndexInSegment"": 65, ""selectedText"": ""disclosed"", ""value"": ""Receive/Shared with""}}",10/27/07,http://www.uptodate.com/home/privacy-policy
5767,test_category_labeling_highlight,84,3731,6,Third Party Sharing/Collection,"{""Third Party Entity"": {""endIndexInSegment"": 122, ""startIndexInSegment"": 106, ""selectedText"": ""to third parties"", ""value"": ""Unnamed third party""}, ""Choice Scope"": {""endIndexInSegment"": -1, ""startIndexInSegment"": -1, ""value"": ""Unspecified""}, ""Purpose"": {""endIndexInSegment"": 264, ""startIndexInSegment"": 257, ""selectedText"": ""improve"", ""value"": ""Personalization/Customization""}, ""Personal Information Type"": {""endIndexInSegment"": 57, ""startIndexInSegment"": 40, ""selectedText"": ""Usage Information"", ""value"": ""Generic personal information""}, ""Choice Type"": {""endIndexInSegment"": -1, ""startIndexInSegment"": -1, ""value"": ""Unspecified""}, ""Identifiability"": {""endIndexInSegment"": 45, ""startIndexInSegment"": 40, ""selectedText"": ""Usage"", ""value"": ""Aggregated or anonymized""}, ""Does/Does Not"": {""endIndexInSegment"": 61, ""startIndexInSegment"": 58, ""selectedText"": ""may"", ""value"": ""Does""}, ""User Type"": {""endIndexInSegment"": -1, ""startIndexInSegment"": -1, ""value"": ""Unspecified""}, ""Action Third Party"": {""endIndexInSegment"": 74, ""startIndexInSegment"": 65, ""selectedText"": ""disclosed"", ""value"": ""Receive/Shared with""}}",10/27/07,http://www.uptodate.com/home/privacy-policy
5768,test_category_labeling_highlight,84,3731,6,Third Party Sharing/Collection,"{""Third Party Entity"": {""endIndexInSegment"": 122, ""startIndexInSegment"": 106, ""selectedText"": ""to third parties"", ""value"": ""Unnamed third party""}, ""Choice Scope"": {""endIndexInSegment"": -1, ""startIndexInSegment"": -1, ""value"": ""Unspecified""}, ""Purpose"": {""endIndexInSegment"": 206, ""startIndexInSegment"": 196, ""selectedText"": ""understand"", ""value"": ""Analytics/Research""}, ""Personal Information Type"": {""endIndexInSegment"": 57, ""startIndexInSegment"": 40, ""selectedText"": ""Usage Information"", ""value"": ""Generic personal information""}, ""Choice Type"": {""endIndexInSegment"": -1, ""startIndexInSegment"": -1, ""value"": ""Unspecified""}, ""Identifiability"": {""endIndexInSegment"": 45, ""startIndexInSegment"": 40, ""selectedText"": ""Usage"", ""value"": ""Aggregated or anonymized""}, ""Does/Does Not"": {""endIndexInSegment"": 61, ""startIndexInSegment"": 58, ""selectedText"": ""may"", ""value"": ""Does""}, ""User Type"": {""endIndexInSegment"": -1, ""startIndexInSegment"": -1, ""value"": ""Unspecified""}, ""Action Third Party"": {""endIndexInSegment"": 74, ""startIndexInSegment"": 65, ""selectedText"": ""disclosed"", ""value"": ""Receive/Shared with""}}",10/27/07,http://www.uptodate.com/home/privacy-policy
6643,test_category_labeling_highlight,88,3731,6,First Party Collection/Use,"{""Collection Mode"": {""endIndexInSegment"": 101, ""startIndexInSegment"": 35, ""selectedText"": ""Your Usage Information may be disclosed internally within UpToDate"", ""value"": ""Implicit""}, ""Choice Scope"": {""endIndexInSegment"": -1, ""startIndexInSegment"": -1, ""value"": ""Unspecified""}, ""Action First-Party"": {""endIndexInSegment"": 101, ""startIndexInSegment"": 35, ""selectedText"": ""Your Usage Information may be disclosed internally within UpToDate"", ""value"": ""Receive from other parts of company/affiliates""}, ""Personal Information Type"": {""endIndexInSegment"": 24, ""startIndexInSegment"": 7, ""selectedText"": ""Usage Information"", ""value"": ""User online activities""}, ""Choice Type"": {""endIndexInSegment"": -1, ""startIndexInSegment"": -1, ""value"": ""Unspecified""}, ""Identifiability"": {""endIndexInSegment"": 24, ""startIndexInSegment"": 7, ""selectedText"": ""Usage Information"", ""value"": ""Aggregated or anonymized""}, ""Does/Does Not"": {""endIndexInSegment"": 101, ""startIndexInSegment"": 35, ""selectedText"": ""Your Usage Information may be disclosed internally within UpToDate"", ""value"": ""Does""}, ""User Type"": {""endIndexInSegment"": -1, ""startIndexInSegment"": -1, ""value"": ""Unspecified""}, ""Purpose"": {""endIndexInSegment"": 291, ""startIndexInSegment"": 186, ""selectedText"": ""to better understand which parts of the Website users are visiting, to improve the content of the Website"", ""value"": ""Analytics/Research""}}",10/27/07,http://www.uptodate.com/home/privacy-policy
6644,test_category_labeling_highlight,88,3731,6,First Party Collection/Use,"{""Collection Mode"": {""endIndexInSegment"": 101, ""startIndexInSegment"": 35, ""selectedText"": ""Your Usage Information may be disclosed internally within UpToDate"", ""value"": ""Implicit""}, ""Choice Scope"": {""endIndexInSegment"": -1, ""startIndexInSegment"": -1, ""value"": ""Unspecified""}, ""Action First-Party"": {""endIndexInSegment"": 100, ""startIndexInSegment"": 35, ""selectedText"": ""Your Usage Information may be disclosed internally within UpToDat"", ""value"": ""Receive from other parts of company/affiliates""}, ""Personal Information Type"": {""endIndexInSegment"": 24, ""startIndexInSegment"": 7, ""selectedText"": ""Usage Information"", ""value"": ""User online activities""}, ""Choice Type"": {""endIndexInSegment"": -1, ""startIndexInSegment"": -1, ""value"": ""Unspecified""}, ""Identifiability"": {""endIndexInSegment"": 24, ""startIndexInSegment"": 7, ""selectedText"": ""Usage Information"", ""value"": ""Aggregated or anonymized""}, ""Does/Does Not"": {""endIndexInSegment"": 101, ""startIndexInSegment"": 35, ""selectedText"": ""Your Usage Information may be disclosed internally within UpToDate"", ""value"": ""Does""}, ""User Type"": {""endIndexInSegment"": -1, ""startIndexInSegment"": -1, ""value"": ""Unspecified""}, ""Purpose"": {""endIndexInSegment"": 310, ""startIndexInSegment"": 301, ""selectedText"": ""marketing"", ""value"": ""Marketing""}}",10/27/07,http://www.uptodate.com/home/privacy-policy
6645,test_category_labeling_highlight,88,3731,6,First Party Collection/Use,"{""Collection Mode"": {""endIndexInSegment"": 101, ""startIndexInSegment"": 35, ""selectedText"": ""Your Usage Information may be disclosed internally within UpToDate"", ""value"": ""Implicit""}, ""Choice Scope"": {""endIndexInSegment"": -1, ""startIndexInSegment"": -1, ""value"": ""Unspecified""}, ""Action First-Party"": {""endIndexInSegment"": 101, ""startIndexInSegment"": 35, ""selectedText"": ""Your Usage Information may be disclosed internally within UpToDate"", ""value"": ""Receive from other parts of company/affiliates""}, ""Personal Information Type"": {""endIndexInSegment"": 24, ""startIndexInSegment"": 7, ""selectedText"": ""Usage Information"", ""value"": ""User online activities""}, ""Choice Type"": {""endIndexInSegment"": -1, ""startIndexInSegment"": -1, ""value"": ""Unspecified""}, ""Identifiability"": {""endIndexInSegment"": 24, ""startIndexInSegment"": 7, ""selectedText"": ""Usage Information"", ""value"": ""Aggregated or anonymized""}, ""Does/Does Not"": {""endIndexInSegment"": 101, ""startIndexInSegment"": 35, ""selectedText"": ""Your Usage Information may be disclosed internally within UpToDate"", ""value"": ""Does""}, ""User Type"": {""endIndexInSegment"": -1, ""startIndexInSegment"": -1, ""value"": ""Unspecified""}, ""Purpose"": {""endIndexInSegment"": 323, ""startIndexInSegment"": 312, ""selectedText"": ""advertising"", ""value"": ""Advertising""}}",10/27/07,http://www.uptodate.com/home/privacy-policy
6646,test_category_labeling_highlight,88,3731,6,Third Party Sharing/Collection,"{""Third Party Entity"": {""endIndexInSegment"": 123, ""startIndexInSegment"": 35, ""selectedText"": ""Your Usage Information may be disclosed internally within UpToDate and to third parties."", ""value"": ""Unnamed third party""}, ""Choice Scope"": {""endIndexInSegment"": -1, ""startIndexInSegment"": -1, ""value"": ""Unspecified""}, ""Purpose"": {""endIndexInSegment"": 310, ""startIndexInSegment"": 301, ""selectedText"": ""marketing"", ""value"": ""Marketing""}, ""Personal Information Type"": {""endIndexInSegment"": 24, ""startIndexInSegment"": 7, ""selectedText"": ""Usage Information"", ""value"": ""User online activities""}, ""Choice Type"": {""endIndexInSegment"": -1, ""startIndexInSegment"": -1, ""value"": ""Unspecified""}, ""Identifiability"": {""endIndexInSegment"": 24, ""startIndexInSegment"": 7, ""selectedText"": ""Usage Information"", ""value"": ""Aggregated or anonymized""}, ""Does/Does Not"": {""endIndexInSegment"": 123, ""startIndexInSegment"": 35, ""selectedText"": ""Your Usage Information may be disclosed internally within UpToDate and to third parties."", ""value"": ""Does""}, ""User Type"": {""endIndexInSegment"": -1, ""startIndexInSegment"": -1, ""value"": ""Unspecified""}, ""Action Third Party"": {""endIndexInSegment"": 74, ""startIndexInSegment"": 58, ""selectedText"": ""may be disclosed"", ""value"": ""Receive/Shared with""}}",10/27/07,http://www.uptodate.com/home/privacy-policy
6647,test_category_labeling_highlight,88,3731,6,Third Party Sharing/Collection,"{""Third Party Entity"": {""endIndexInSegment"": 123, ""startIndexInSegment"": 35, ""selectedText"": ""Your Usage Information may be disclosed internally within UpToDate and to third parties."", ""value"": ""Unnamed third party""}, ""Choice Scope"": {""endIndexInSegment"": -1, ""startIndexInSegment"": -1, ""value"": ""Unspecified""}, ""Purpose"": {""endIndexInSegment"": 323, ""startIndexInSegment"": 312, ""selectedText"": ""advertising"", ""value"": ""Advertising""}, ""Personal Information Type"": {""endIndexInSegment"": 24, ""startIndexInSegment"": 7, ""selectedText"": ""Usage Information"", ""value"": ""User online activities""}, ""Choice Type"": {""endIndexInSegment"": -1, ""startIndexInSegment"": -1, ""value"": ""Unspecified""}, ""Identifiability"": {""endIndexInSegment"": 24, ""startIndexInSegment"": 7, ""selectedText"": ""Usage Information"", ""value"": ""Aggregated or anonymized""}, ""Does/Does Not"": {""endIndexInSegment"": 123, ""startIndexInSegment"": 35, ""selectedText"": ""Your Usage Information may be disclosed internally within UpToDate and to third parties."", ""value"": ""Does""}, ""User Type"": {""endIndexInSegment"": -1, ""startIndexInSegment"": -1, ""value"": ""Unspecified""}, ""Action Third Party"": {""endIndexInSegment"": 74, ""startIndexInSegment"": 58, ""selectedText"": ""may be disclosed"", ""value"": ""Receive/Shared with""}}",10/27/07,http://www.uptodate.com/home/privacy-policy
6648,test_category_labeling_highlight,88,3731,6,Third Party Sharing/Collection,"{""Third Party Entity"": {""endIndexInSegment"": 123, ""startIndexInSegment"": 35, ""selectedText"": ""Your Usage Information may be disclosed internally within UpToDate and to third parties."", ""value"": ""Unnamed third party""}, ""Choice Scope"": {""endIndexInSegment"": -1, ""startIndexInSegment"": -1, ""value"": ""Unspecified""}, ""Purpose"": {""endIndexInSegment"": 345, ""startIndexInSegment"": 328, ""selectedText"": ""research purposes"", ""value"": ""Analytics/Research""}, ""Personal Information Type"": {""endIndexInSegment"": 24, ""startIndexInSegment"": 7, ""selectedText"": ""Usage Information"", ""value"": ""User online activities""}, ""Choice Type"": {""endIndexInSegment"": -1, ""startIndexInSegment"": -1, ""value"": ""Unspecified""}, ""Identifiability"": {""endIndexInSegment"": 24, ""startIndexInSegment"": 7, ""selectedText"": ""Usage Information"", ""value"": ""Aggregated or anonymized""}, ""Does/Does Not"": {""endIndexInSegment"": 123, ""startIndexInSegment"": 35, ""selectedText"": ""Your Usage Information may be disclosed internally within UpToDate and to third parties."", ""value"": ""Does""}, ""User Type"": {""endIndexInSegment"": -1, ""startIndexInSegment"": -1, ""value"": ""Unspecified""}, ""Action Third Party"": {""endIndexInSegment"": 74, ""startIndexInSegment"": 58, ""selectedText"": ""may be disclosed"", ""value"": ""Receive/Shared with""}}",10/27/07,http://www.uptodate.com/home/privacy-policy
7393,test_category_labeling_highlight,82,3731,6,Third Party Sharing/Collection,"{""Third Party Entity"": {""endIndexInSegment"": -1, ""startIndexInSegment"": -1, ""value"": ""Unspecified""}, ""Choice Scope"": {""endIndexInSegment"": -1, ""startIndexInSegment"": -1, ""value"": ""Unspecified""}, ""Purpose"": {""endIndexInSegment"": 291, ""startIndexInSegment"": 196, ""selectedText"": ""understand which parts of the Website users are visiting, to improve the content of the Website"", ""value"": ""Analytics/Research""}, ""Personal Information Type"": {""endIndexInSegment"": -1, ""startIndexInSegment"": -1, ""value"": ""Unspecified""}, ""Choice Type"": {""endIndexInSegment"": -1, ""startIndexInSegment"": -1, ""value"": ""Unspecified""}, ""Identifiability"": {""endIndexInSegment"": -1, ""startIndexInSegment"": -1, ""value"": ""Unspecified""}, ""Does/Does Not"": {""endIndexInSegment"": -1, ""startIndexInSegment"": -1, ""value"": ""Does""}, ""User Type"": {""endIndexInSegment"": -1, ""startIndexInSegment"": -1, ""value"": ""Unspecified""}, ""Action Third Party"": {""endIndexInSegment"": 158, ""startIndexInSegment"": 146, ""selectedText"": ""may disclose"", ""value"": ""Receive/Shared with""}}",10/27/07,http://www.uptodate.com/home/privacy-policy
7394,test_category_labeling_highlight,82,3731,6,Third Party Sharing/Collection,"{""Third Party Entity"": {""endIndexInSegment"": -1, ""startIndexInSegment"": -1, ""value"": ""Unspecified""}, ""Choice Scope"": {""endIndexInSegment"": -1, ""startIndexInSegment"": -1, ""value"": ""Unspecified""}, ""Purpose"": {""endIndexInSegment"": 310, ""startIndexInSegment"": 301, ""selectedText"": ""marketing"", ""value"": ""Marketing""}, ""Personal Information Type"": {""endIndexInSegment"": -1, ""startIndexInSegment"": -1, ""value"": ""Unspecified""}, ""Choice Type"": {""endIndexInSegment"": -1, ""startIndexInSegment"": -1, ""value"": ""Unspecified""}, ""Identifiability"": {""endIndexInSegment"": -1, ""startIndexInSegment"": -1, ""value"": ""Unspecified""}, ""Does/Does Not"": {""endIndexInSegment"": -1, ""startIndexInSegment"": -1, ""value"": ""Does""}, ""User Type"": {""endIndexInSegment"": -1, ""startIndexInSegment"": -1, ""value"": ""Unspecified""}, ""Action Third Party"": {""endIndexInSegment"": 158, ""startIndexInSegment"": 146, ""selectedText"": ""may disclose"", ""value"": ""Receive/Shared with""}}",10/27/07,http://www.uptodate.com/home/privacy-policy
7395,test_category_labeling_highlight,82,3731,6,Third Party Sharing/Collection,"{""Third Party Entity"": {""endIndexInSegment"": -1, ""startIndexInSegment"": -1, ""value"": ""Unspecified""}, ""Choice Scope"": {""endIndexInSegment"": -1, ""startIndexInSegment"": -1, ""value"": ""Unspecified""}, ""Purpose"": {""endIndexInSegment"": 324, ""startIndexInSegment"": 312, ""selectedText"": ""advertising,"", ""value"": ""Advertising""}, ""Personal Information Type"": {""endIndexInSegment"": -1, ""startIndexInSegment"": -1, ""value"": ""Unspecified""}, ""Choice Type"": {""endIndexInSegment"": -1, ""startIndexInSegment"": -1, ""value"": ""Unspecified""}, ""Identifiability"": {""endIndexInSegment"": -1, ""startIndexInSegment"": -1, ""value"": ""Unspecified""}, ""Does/Does Not"": {""endIndexInSegment"": -1, ""startIndexInSegment"": -1, ""value"": ""Does""}, ""User Type"": {""endIndexInSegment"": -1, ""startIndexInSegment"": -1, ""value"": ""Unspecified""}, ""Action Third Party"": {""endIndexInSegment"": 158, ""startIndexInSegment"": 146, ""selectedText"": ""may disclose"", ""value"": ""Receive/Shared with""}}",10/27/07,http://www.uptodate.com/home/privacy-policy
7396,test_category_labeling_highlight,82,3731,6,Third Party Sharing/Collection,"{""Third Party Entity"": {""endIndexInSegment"": 101, ""startIndexInSegment"": 86, ""selectedText"": ""within UpToDate"", ""value"": ""Other part of company/affiliate""}, ""Choice Scope"": {""endIndexInSegment"": -1, ""startIndexInSegment"": -1, ""value"": ""Unspecified""}, ""Purpose"": {""endIndexInSegment"": 291, ""startIndexInSegment"": 196, ""selectedText"": ""understand which parts of the Website users are visiting, to improve the content of the Website"", ""value"": ""Analytics/Research""}, ""Personal Information Type"": {""endIndexInSegment"": -1, ""startIndexInSegment"": -1, ""value"": ""Unspecified""}, ""Choice Type"": {""endIndexInSegment"": -1, ""startIndexInSegment"": -1, ""value"": ""Unspecified""}, ""Identifiability"": {""endIndexInSegment"": -1, ""startIndexInSegment"": -1, ""value"": ""Unspecified""}, ""Does/Does Not"": {""endIndexInSegment"": -1, ""startIndexInSegment"": -1, ""value"": ""Does""}, ""User Type"": {""endIndexInSegment"": -1, ""startIndexInSegment"": -1, ""value"": ""Unspecified""}, ""Action Third Party"": {""endIndexInSegment"": 74, ""startIndexInSegment"": 65, ""selectedText"": ""disclosed"", ""value"": ""Receive/Shared with""}}",10/27/07,http://www.uptodate.com/home/privacy-policy
7397,test_category_labeling_highlight,82,3731,6,Third Party Sharing/Collection,"{""Third Party Entity"": {""endIndexInSegment"": 101, ""startIndexInSegment"": 86, ""selectedText"": ""within UpToDate"", ""value"": ""Other part of company/affiliate""}, ""Choice Scope"": {""endIndexInSegment"": -1, ""startIndexInSegment"": -1, ""value"": ""Unspecified""}, ""Purpose"": {""endIndexInSegment"": 311, ""startIndexInSegment"": 301, ""selectedText"": ""marketing,"", ""value"": ""Marketing""}, ""Personal Information Type"": {""endIndexInSegment"": -1, ""startIndexInSegment"": -1, ""value"": ""Unspecified""}, ""Choice Type"": {""endIndexInSegment"": -1, ""startIndexInSegment"": -1, ""value"": ""Unspecified""}, ""Identifiability"": {""endIndexInSegment"": -1, ""startIndexInSegment"": -1, ""value"": ""Unspecified""}, ""Does/Does Not"": {""endIndexInSegment"": -1, ""startIndexInSegment"": -1, ""value"": ""Does""}, ""User Type"": {""endIndexInSegment"": -1, ""startIndexInSegment"": -1, ""value"": ""Unspecified""}, ""Action Third Party"": {""endIndexInSegment"": 74, ""startIndexInSegment"": 65, ""selectedText"": ""disclosed"", ""value"": ""Receive/Shared with""}}",10/27/07,http://www.uptodate.com/home/privacy-policy
7398,test_category_labeling_highlight,82,3731,6,Third Party Sharing/Collection,"{""Third Party Entity"": {""endIndexInSegment"": 101, ""startIndexInSegment"": 86, ""selectedText"": ""within UpToDate"", ""value"": ""Other part of company/affiliate""}, ""Choice Scope"": {""endIndexInSegment"": -1, ""startIndexInSegment"": -1, ""value"": ""Unspecified""}, ""Purpose"": {""endIndexInSegment"": 323, ""startIndexInSegment"": 312, ""selectedText"": ""advertising"", ""value"": ""Advertising""}, ""Personal Information Type"": {""endIndexInSegment"": -1, ""startIndexInSegment"": -1, ""value"": ""Unspecified""}, ""Choice Type"": {""endIndexInSegment"": -1, ""startIndexInSegment"": -1, ""value"": ""Unspecified""}, ""Identifiability"": {""endIndexInSegment"": -1, ""startIndexInSegment"": -1, ""value"": ""Unspecified""}, ""Does/Does Not"": {""endIndexInSegment"": -1, ""startIndexInSegment"": -1, ""value"": ""Does""}, ""User Type"": {""endIndexInSegment"": -1, ""startIndexInSegment"": -1, ""value"": ""Unspecified""}, ""Action Third Party"": {""endIndexInSegment"": 74, ""startIndexInSegment"": 65, ""selectedText"": ""disclosed"", ""value"": ""Receive/Shared with""}}",10/27/07,http://www.uptodate.com/home/privacy-policy
5769,test_category_labeling_highlight,84,3731,7,First Party Collection/Use,"{""Collection Mode"": {""endIndexInSegment"": 77, ""startIndexInSegment"": 71, ""selectedText"": ""cookie"", ""value"": ""Implicit""}, ""Choice Scope"": {""endIndexInSegment"": -1, ""startIndexInSegment"": -1, ""value"": ""Unspecified""}, ""Action First-Party"": {""endIndexInSegment"": 48, ""startIndexInSegment"": 43, ""selectedText"": ""place"", ""value"": ""Collect on website""}, ""Personal Information Type"": {""endIndexInSegment"": 77, ""startIndexInSegment"": 71, ""selectedText"": ""cookie"", ""value"": ""Cookies and tracking elements""}, ""Choice Type"": {""endIndexInSegment"": 280, ""startIndexInSegment"": 273, ""selectedText"": ""browser"", ""value"": ""Browser/device privacy controls""}, ""Identifiability"": {""endIndexInSegment"": -1, ""startIndexInSegment"": -1, ""value"": ""Unspecified""}, ""Does/Does Not"": {""endIndexInSegment"": 42, ""startIndexInSegment"": 39, ""selectedText"": ""may"", ""value"": ""Does""}, ""User Type"": {""endIndexInSegment"": -1, ""startIndexInSegment"": -1, ""value"": ""Unspecified""}, ""Purpose"": {""endIndexInSegment"": 196, ""startIndexInSegment"": 138, ""selectedText"": ""to provide you with tailored information from the Website."", ""value"": ""Personalization/Customization""}}",10/27/07,http://www.uptodate.com/home/privacy-policy
6639,test_category_labeling_highlight,88,3731,7,First Party Collection/Use,"{""Collection Mode"": {""endIndexInSegment"": 117, ""startIndexInSegment"": 18, ""selectedText"": ""The UpToDate Website may place a text file called a \""cookie\"" in the browser files of your computer."", ""value"": ""Implicit""}, ""Choice Scope"": {""endIndexInSegment"": -1, ""startIndexInSegment"": -1, ""value"": ""Unspecified""}, ""Action First-Party"": {""endIndexInSegment"": 117, ""startIndexInSegment"": 18, ""selectedText"": ""The UpToDate Website may place a text file called a \""cookie\"" in the browser files of your computer."", ""value"": ""Collect on website""}, ""Personal Information Type"": {""endIndexInSegment"": 78, ""startIndexInSegment"": 70, ""selectedText"": ""\""cookie\"""", ""value"": ""Cookies and tracking elements""}, ""Choice Type"": {""endIndexInSegment"": 382, ""startIndexInSegment"": 256, ""selectedText"": ""You can set your browser to notify you when you receive a cookie, giving you the chance to decide whether or not to accept it."", ""value"": ""Browser/device privacy controls""}, ""Identifiability"": {""endIndexInSegment"": 255, ""startIndexInSegment"": 197, ""selectedText"": ""The cookie itself does not contain Subscriber Information."", ""value"": ""Other""}, ""Does/Does Not"": {""endIndexInSegment"": 382, ""startIndexInSegment"": 18, ""selectedText"": ""The UpToDate Website may place a text file called a \""cookie\"" in the browser files of your computer. Cookies can be used to provide you with tailored information from the Website. The cookie itself does not contain Subscriber Information. You can set your browser to notify you when you receive a cookie, giving you the chance to decide whether or not to accept it."", ""value"": ""Does""}, ""User Type"": {""endIndexInSegment"": -1, ""startIndexInSegment"": -1, ""value"": ""Unspecified""}, ""Purpose"": {""endIndexInSegment"": 196, ""startIndexInSegment"": 118, ""selectedText"": ""Cookies can be used to provide you with tailored information from the Website."", ""value"": ""Personalization/Customization""}}",10/27/07,http://www.uptodate.com/home/privacy-policy
7392,test_category_labeling_highlight,82,3731,7,First Party Collection/Use,"{""Collection Mode"": {""endIndexInSegment"": -1, ""startIndexInSegment"": -1, ""value"": ""Unspecified""}, ""Choice Scope"": {""endIndexInSegment"": -1, ""startIndexInSegment"": -1, ""value"": ""Unspecified""}, ""Action First-Party"": {""endIndexInSegment"": -1, ""startIndexInSegment"": -1, ""value"": ""Unspecified""}, ""Personal Information Type"": {""endIndexInSegment"": 77, ""startIndexInSegment"": 71, ""selectedText"": ""cookie"", ""value"": ""Cookies and tracking elements""}, ""Choice Type"": {""endIndexInSegment"": 382, ""startIndexInSegment"": 256, ""selectedText"": ""You can set your browser to notify you when you receive a cookie, giving you the chance to decide whether or not to accept it."", ""value"": ""Browser/device privacy controls""}, ""Identifiability"": {""endIndexInSegment"": -1, ""startIndexInSegment"": -1, ""value"": ""Unspecified""}, ""Does/Does Not"": {""endIndexInSegment"": -1, ""startIndexInSegment"": -1, ""value"": ""Does""}, ""User Type"": {""endIndexInSegment"": -1, ""startIndexInSegment"": -1, ""value"": ""Unspecified""}, ""Purpose"": {""endIndexInSegment"": 178, ""startIndexInSegment"": 118, ""selectedText"": ""Cookies can be used to provide you with tailored information"", ""value"": ""Personalization/Customization""}}",10/27/07,http://www.uptodate.com/home/privacy-policy
5770,test_category_labeling_highlight,84,3731,8,Policy Change,"{""Change Type"": {""endIndexInSegment"": 288, ""startIndexInSegment"": 123, ""selectedText"": ""UpToDate may modify this Privacy Policy at any time, and such modifications shall be effective immediately upon posting of the modified Privacy Policy on the Website"", ""value"": ""Unspecified""}, ""User Choice"": {""endIndexInSegment"": -1, ""startIndexInSegment"": -1, ""value"": ""Unspecified""}, ""Notification Type"": {""endIndexInSegment"": -1, ""startIndexInSegment"": -1, ""value"": ""Unspecified""}}",10/27/07,http://www.uptodate.com/home/privacy-policy
6638,test_category_labeling_highlight,88,3731,8,Policy Change,"{""Change Type"": {""endIndexInSegment"": 288, ""startIndexInSegment"": 123, ""selectedText"": ""UpToDate may modify this Privacy Policy at any time, and such modifications shall be effective immediately upon posting of the modified Privacy Policy on the Website"", ""value"": ""Unspecified""}, ""User Choice"": {""endIndexInSegment"": -1, ""startIndexInSegment"": -1, ""value"": ""Unspecified""}, ""Notification Type"": {""endIndexInSegment"": -1, ""startIndexInSegment"": -1, ""value"": ""Unspecified""}}",10/27/07,http://www.uptodate.com/home/privacy-policy
7391,test_category_labeling_highlight,82,3731,8,Policy Change,"{""Change Type"": {""endIndexInSegment"": 289, ""startIndexInSegment"": 25, ""selectedText"": ""This Privacy Policy is effective as of October 27, 2007 and will remain in effect unless changed. UpToDate may modify this Privacy Policy at any time, and such modifications shall be effective immediately upon posting of the modified Privacy Policy on the Website."", ""value"": ""Unspecified""}, ""User Choice"": {""endIndexInSegment"": -1, ""startIndexInSegment"": -1, ""value"": ""Unspecified""}, ""Notification Type"": {""endIndexInSegment"": -1, ""startIndexInSegment"": -1, ""value"": ""Unspecified""}}",10/27/07,http://www.uptodate.com/home/privacy-policy
5771,test_category_labeling_highlight,84,3731,9,Other,"{""Other Type"": {""endIndexInSegment"": 186, ""startIndexInSegment"": 33, ""selectedText"": ""If you have any questions about this Privacy Policy, the practices of this Website, or your dealings with this Website, please contact info@uptodate.com."", ""value"": ""Privacy contact information""}}",10/27/07,http://www.uptodate.com/home/privacy-policy
6637,test_category_labeling_highlight,88,3731,9,Other,"{""Other Type"": {""endIndexInSegment"": 186, ""startIndexInSegment"": 33, ""selectedText"": ""If you have any questions about this Privacy Policy, the practices of this Website, or your dealings with this Website, please contact info@uptodate.com."", ""value"": ""Privacy contact information""}}",10/27/07,http://www.uptodate.com/home/privacy-policy
7390,test_category_labeling_highlight,82,3731,9,Other,"{""Other Type"": {""endIndexInSegment"": 186, ""startIndexInSegment"": 0, ""selectedText"": ""Contacting the Website If you have any questions about this Privacy Policy, the practices of this Website, or your dealings with this Website, please contact info@uptodate.com."", ""value"": ""Privacy contact information""}}",10/27/07,http://www.uptodate.com/home/privacy-policy
